tokyosento	id	open	name	address	access	closed-days	laundry	office-hours	visited
item-cnt-56.html	千代田 1	1	バン・ドゥーシュ	千代田区麹町一丁目 5-4	東京メトロ半蔵門線「半蔵門」駅下車、徒歩1分	日曜、祝日/ゆず湯などのイベント湯は営業	0	15:00-24:00/土曜は12:30-23:00	0
item-cnt-53.html	千代田 2	1	梅の湯	千代田区神田神保町二丁目 8-2	都営新宿線「神保町」駅下車、徒歩1分/都営三田線「神保町」駅下車、徒歩1分/東京メトロ半蔵門線「神保町」駅下車、徒歩1分	日曜	0	15:00-24:00/祝日は15:00-23:00	1
item-cnt-54.html	千代田 3	1	稲荷湯	千代田区内神田一丁目 7-3	東京メトロ丸ノ内線「大手町」駅下車、徒歩5分。JR「神田」駅下車、徒歩6分	日曜	0	14:50-24:00/祝日は22:30まで営業	1
item-cnt-55.html	千代田 4	1	於玉湯	千代田区岩本町二丁目 2-14	都営新宿線「岩本町」駅下車、徒歩5分	土曜	0	14:40-22:00	1
item-cnt-57.html	中央 1	1	金春湯	中央区銀座八丁目 7-5	山手線「新橋」駅下車、徒歩4分/東京メトロ銀座線「銀座」駅徒歩5分	日曜、祝日	0	14:00-22:00	0
item-cnt-62.html	中央 4	1	入船湯	中央区入船三丁目 6-14	東京メトロ日比谷線「八丁堀」駅下車、徒歩5分/東京メトロ有楽町線「新富町」駅下車、徒歩7分	木曜	0	15:00-23:00	0
item-cnt-58.html	中央 5	1	湊湯	中央区湊一丁目 6-2	東京メトロ日比谷線「八丁堀」駅下車、徒歩7分	土曜	1	15:00-24:30	0
item-cnt-61.html	中央 7	1	世界湯	中央区日本橋人形町二丁目 17-2	東京メトロ日比谷線「人形町」駅下車、A1番出口から徒歩4分/都営地下鉄 浅草線「人形町」駅下車、A3番出口から徒歩10分/東京メトロ半蔵門線「水天宮前」駅下車、7番出口から徒歩4分	月曜	0	15:00-23:30	1
item-cnt-63.html	中央 8	1	日の出湯	中央区佃一丁目 6-7	東京メトロ有楽町線「月島」駅下車、徒歩4分	無休	0	15:00-24:00	0
item-cnt-65.html	中央 10	1	月島温泉	中央区月島三丁目 4-5 2F	東京メトロ有楽町線「月島」駅下車、徒歩4分	無休	1	14:30-23:40	0
item-cnt-66.html	中央 11	1	勝どき湯	中央区勝どき三丁目 9-7	大江戸線「勝どき」駅下車、徒歩3分	日曜	1	15:30-22:00	0
item-cnt-67.html	中央 12	1	十思湯	中央区日本橋小伝馬町 5-19	東京メトロ日比谷線「小伝馬町」駅下車、徒歩1分	日曜	0	15:00-23:00	0
item-cnt-109.html	港 1	1	南青山 清水湯	港区南青山三丁目 12-3	東京メトロ銀座線・半蔵門線・千代田線「表参道」駅下車、徒歩3分	金曜	1	12:00-24:00/土、日、祝は12:00-23:00	0
item-cnt-108.html	港 3	1	麻布黒美水温泉 竹の湯	港区南麻布一丁目 15-12	東京メトロ南北線「麻布十番」駅下車、１番出口より徒歩5分/都営大江戸線「麻布十番」駅下車、７番出口より徒歩５分	月、金曜日	1	15:30-23:30	0
item-cnt-110.html	港 4	1	ふれあいの湯	港区芝二丁目 2-18	山手線「浜松町」駅下車、徒歩5分	月曜	0	15:00-23:00/日・祝日は14:00-23:00	0
item-cnt-107.html	港 6	0	アクアガーデン三越湯	港区白金五丁目 12-16	山手線「渋谷」駅よりバス。「北里研究所」下車、徒歩0分	毎金曜日、第 3 木曜日/※2019年2月17日-3月中旬まで休業予定	0	15:30-22:00	1
item-cnt-343.html	新宿 1	1	栄湯	新宿区西落合二丁目 6-2	都営大江戸線「落合南長崎」駅下車、徒歩8分	月曜、金曜	1	15:00-24:00	0
item-cnt-341.html	新宿 2	1	福の湯	新宿区下落合四丁目 25-10	西武新宿線「下落合」駅下車、徒歩8分/西武池袋線「椎名町」駅下車、徒歩10分	月曜	1	16:00-24:00	0
item-cnt-342.html	新宿 3	1	ゆ～ザ中井	新宿区中落合一丁目 13-8	西武新宿線「中井」駅下車、徒歩3分	木曜	1	15:00-25:00	0
item-cnt-340.html	新宿 4	1	三の輪湯	新宿区上落合三丁目 31-2	西武新宿線「中井」駅下車、徒歩3分	月曜	1	15:30-25:00	0
item-cnt-339.html	新宿 5	1	松の湯	新宿区上落合三丁目 9-10	東京メトロ東西線「落合」駅下車、徒歩1分	土曜	1	15:30-24:00	0
item-cnt-338.html	新宿 6	1	梅の湯	新宿区上落合二丁目 6-4	西武新宿線「中井」駅下車、徒歩5分	月曜・木曜	1	15:30-24:00	0
item-cnt-336.html	新宿 8	1	世界湯	新宿区高田馬場三丁目 8-31	山手線「高田馬場」駅下車、徒歩7分	木曜	1	15:00-25:00	0
item-cnt-337.html	新宿 9	0	福の湯	新宿区高田馬場四丁目 18-2	山手線「高田馬場」駅下車、徒歩5分	月曜	1	15:30-25:00	0
item-cnt-330.html	新宿 10	1	柏湯	新宿区北新宿四丁目 3-7	中央線「大久保」駅下車、徒歩7分	水曜	1	15:00-24:00	0
item-cnt-335.html	新宿 14	1	金泉湯	新宿区西早稲田二丁目 16-20	山手線「高田馬場」駅下車、徒歩10分	月曜	1	14:30-24:00	0
item-cnt-334.html	新宿 15	1	松の湯	新宿区西早稲田一丁目 4-12	東京メトロ東西線「早稲田」駅下車、徒歩5分	月曜	1	15:00-25:00	0
item-cnt-333.html	新宿 17	1	万年湯	新宿区大久保一丁目 15-17	山手線「新大久保」駅下車、徒歩5分	土曜	1	15:00-24:00	0
item-cnt-331.html	新宿 18	1	金沢浴場	新宿区新宿七丁目 22-11	都営大江戸線「東新宿」駅下車、徒歩5分	不定休	1	15:00-24:00	0
item-cnt-332.html	新宿 19	1	東宝湯	新宿区新宿七丁目 11-5	都営大江戸線「東新宿」駅下車、徒歩3分	金曜、第 1 木曜	1	15:00-24:00	0
item-cnt-325.html	新宿 20	1	弁天湯	新宿区余丁町 5-1	大江戸線「若松河田」駅下車、徒歩5分	水曜/祝日は翌日休	1	14:30-25:00	0
item-cnt-326.html	新宿 21	1	大星湯	新宿区市谷台町 18-3	都営新宿線「曙橋」駅下車、徒歩6分	月曜/銭湯の日、しょうぶ湯、ゆず湯は営業	1	15:00-24:00	0
item-cnt-327.html	新宿 24	1	塩湯	新宿区四谷三栄町 1-3	中央線「四ツ谷」駅下車、徒歩3分	月曜	1	15:00-23:00	0
item-cnt-324.html	新宿 25	1	柳湯	新宿区市谷柳町 25	大江戸線「牛込柳町」駅下車、東口出口徒歩1分	金曜	0	15:00-24:00	0
item-cnt-317.html	新宿 27	1	鶴巻湯	新宿区早稲田鶴巻町 533	東京メトロ東西線「早稲田」駅下車、徒歩5分	火曜、土曜	1	15:00-23:00	0
item-cnt-320.html	新宿 30	1	金成湯	新宿区中里町 13	東京メトロ東西線「神楽坂」駅下車、徒歩2分	金曜	1	15:00-23:30	0
item-cnt-321.html	新宿 31	1	竹の湯	新宿区改代町 2	東京メトロ有楽町線「江戸川橋」駅下車、徒歩4分	土曜	1	15:00-23:30	0
item-cnt-323.html	新宿 32	1	第三玉の湯	新宿区白銀町 1-4	都営大江戸線「牛込神楽坂」駅下車、徒歩5分	水曜	1	15:00-25:30	0
item-cnt-322.html	新宿 33	1	熱海湯	新宿区神楽坂 3-6	中央線「飯田橋」駅下車、徒歩3分	土曜	1	15:00-25:00	0
item-cnt-99.html	文京 2	1	大黒湯	文京区大塚三丁目 8-6	東京メトロ丸ノ内線「茗荷谷」駅下車、徒歩7分	月曜	1	15:30-24:00	0
item-cnt-97.html	文京 3	1	豊川浴泉	文京区目白台一丁目 13-1	都電荒川線「早稲田」駅下車、徒歩5分	月曜、金曜/コインシャワー・ランドリーは無休	1	16:00-23:50	0
item-cnt-100.html	文京 7	1	歌舞伎湯	文京区小石川三丁目 12-1	都営三田線「春日」駅下車、徒歩10分	金曜	1	15:00-23:30	0
item-cnt-101.html	文京 8	1	白山浴場	文京区白山二丁目 7-1	都営三田線「春日」駅下車、徒歩7分	月曜	1	16:00-23:30	0
item-cnt-103.html	文京 10	1	富士見湯	文京区白山一丁目 3-5	都営三田線「春日」駅下車、徒歩5分	月 3 回水曜	0	15:30-25:30	1
item-cnt-104.html	文京 13	1	ふくの湯	文京区千駄木五丁目 41-5	東京メトロ南北線「本駒込」駅下車、徒歩5分	無休	1	11:00-24:00/土曜、日曜、祝日は8:00-24:00	0
item-cnt-96.html	台東 3	1	朝日湯	台東区谷中二丁目 18-7	東京メトロ千代田線「千駄木」駅下車、徒歩2分	年中無休	1	14:00-25:30/土、日、祝は10:00から営業	1
item-cnt-95.html	台東 4	1	六龍鉱泉	台東区池之端三丁目 4-20	東京メトロ千代田線「根津」駅下車、徒歩5分	月曜、木曜	1	15:30-23:00	0
item-cnt-87.html	台東 5	1	ひだまりの泉 萩の湯	台東区根岸二丁目 13-13	山手線「鴬谷」駅下車、徒歩3分	第 3 火曜	1	6:00-9:00、11:00-25:00/※閉店30分前に受付終了	0
item-cnt-88.html	台東 6	1	宝泉湯	台東区根岸三丁目 14-14	東京メトロ日比谷線「入谷」駅下車、徒歩5分	月曜	1	15:00-24:00	0
item-cnt-86.html	台東 8	0	恵美須湯	台東区下谷三丁目 18-9	東京メトロ日比谷線「三ノ輪」駅下車、徒歩2分	不定休	1	16:00-23:30	0
item-cnt-94.html	台東 9	1	改栄湯	台東区三ノ輪二丁目 10-15	東京メトロ日比谷線「三ノ輪」駅下車、徒歩3分	月曜	1	12:15-22:45	1
item-cnt-93.html	台東 10	1	日の出湯	台東区三ノ輪一丁目 15-12	東京メトロ日比谷線「三ノ輪」駅下車、徒歩5分	金曜	1	15:00-23:30	0
item-cnt-92.html	台東 11	1	有馬湯	台東区竜泉三丁目 31-2	東京メトロ日比谷線「三ノ輪」駅下車、徒歩10分	水曜	0	14:00-23:30	0
item-cnt-91.html	台東 13	1	富久の湯	台東区千束二丁目 34-6	東京メトロ日比谷線「入谷」駅下車、徒歩10分	日曜	0	15:45-23:15	0
item-cnt-80.html	台東 14	1	堤柳泉	台東区千束四丁目 5-4	東京メトロ日比谷線「三ノ輪」駅よりバス。「吉原大門」下車、徒歩1分	月曜	1	13:00-23:00/日曜、祝日は12:00から営業	0
item-cnt-73.html	台東 16	1	天然温泉 湯どんぶり栄湯	台東区日本堤一丁目 4-5	東京メトロ日比谷線「三ノ輪」駅下車、徒歩10分	水曜	1	14:00-24:00/日曜、祝日は12:00から営業	0
item-cnt-74.html	台東 18	1	玉の湯	台東区清川一丁目 27-7	東京メトロ銀座線「浅草」駅よりバス。「清川１丁目」下車、徒歩0分	月曜	1	15:30-23:00	0
item-cnt-81.html	台東 19	1	富士の湯	台東区橋場二丁目 21-7	東京メトロ日比谷線「南千住」駅下車、徒歩15分	金曜	1	14:00-23:00	0
item-cnt-78.html	台東 22	1	鶴の湯	台東区浅草五丁目 48-4	東京メトロ銀座線「浅草」駅よりバス。「東浅草１丁目」下車、徒歩2分	木曜/祝日は前日休	1	14:00-23:00	0
item-cnt-77.html	台東 23	1	アクアプレイス旭	台東区浅草五丁目 10-5	東京メトロ銀座線「田原町」駅よりバス。「浅草４丁目」下車、徒歩1分	火曜	1	15:00-25:00	0
item-cnt-76.html	台東 24	1	曙湯	台東区浅草四丁目 17-1	東京メトロ銀座線「浅草」駅下車、徒歩15分	第 1, 3 金曜	1	15:00-25:00	0
item-cnt-89.html	台東 25	1	白水湯	台東区入谷一丁目 21-12	東京メトロ日比谷線「入谷」駅下車、徒歩2分	月曜	1	15:00-25:00	0
item-cnt-82.html	台東 27	1	燕湯	台東区上野三丁目 14-5	山手線「御徒町」駅下車、徒歩4分	月曜	0	6:00-20:00/2018年10月23日より、火-金曜は 6-12時(入場は11時半まで)・15-20時	0
item-cnt-83.html	台東 31	1	寿湯	台東区東上野五丁目 4-17	東京メトロ銀座線「稲荷町」駅下車、徒歩2分	第 3 木曜/12月は休まず営業	0	11:00-25:30/最終受付25:05	0
item-cnt-90.html	台東 33	1	大久保湯	台東区松が谷三丁目 13-10	東京メトロ日比谷線「入谷」駅下車、徒歩10分	金曜	0	12:30-24:00	0
item-cnt-75.html	台東 35	1	蛇骨湯	台東区浅草一丁目 11-11	東京メトロ銀座線「田原町」駅下車、徒歩5分	火曜/祝日は営業	1	13:00-24:00/(23:40浴室退室)	0
item-cnt-72.html	台東 36	1	日の出湯	台東区元浅草二丁目 10-5	東京メトロ銀座線「稲荷町」駅下車、徒歩3分	水曜	1	15:00-23:40	1
item-cnt-71.html	台東 37	1	三筋湯	台東区三筋二丁目 13-2	都営浅草線「蔵前」駅下車、徒歩8分	月曜	0	15:00-23:30	1
item-cnt-69.html	台東 39	1	帝国湯	台東区浅草橋五丁目 23-6	総武線「浅草橋」駅下車、徒歩6分	月曜	0	15:00-23:30	0
item-cnt-70.html	台東 40	1	鶴の湯	台東区浅草橋五丁目 27-2	総武線「浅草橋」駅下車、徒歩6分	土曜	0	15:30-24:00	0
item-cnt-68.html	台東 41	1	弁天湯	台東区浅草橋一丁目 33-6 浅草橋シティハイツ 1 階	都営浅草線「浅草橋」駅下車、徒歩2分	第 2, 4 月曜/1月1日は休業	0	15:30-23:30	0
item-cnt-166.html	墨田 1	1	田中湯	墨田区墨田五丁目 46-5	東武伊勢崎線「鐘ケ淵」駅下車、徒歩3分	月曜	0	16:00-23:00/(最終入場は22:20)	1
item-cnt-165.html	墨田 2	1	みまつ湯	墨田区墨田四丁目 9-12	東武伊勢崎線「鐘ケ淵」駅下車、徒歩2分	土曜	1	15:30-21:00	1
item-cnt-163.html	墨田 4	1	たぬき湯	墨田区墨田二丁目 21-8	東武伊勢崎線「鐘ケ淵」駅下車、徒歩8分	土曜	0	15:30-24:00	1
item-cnt-162.html	墨田 7	1	寺島浴場	墨田区東向島六丁目 34-18	東武伊勢崎線「東向島」駅下車、徒歩3分	月曜	1	15:00-24:30/サウナは15:00-22:00	1
item-cnt-156.html	墨田 8	1	三徳湯	墨田区八広六丁目 8-8	京成押上線「八広」駅下車、徒歩5分	土曜	0	15:30-23:00	1
item-cnt-155.html	墨田 10	1	グランド湯	墨田区八広四丁目 17-22	京成押上線「八広」駅下車、徒歩10分	月 3 回不定休	1	16:00-23:30	1
item-cnt-154.html	墨田 13	1	おかめ湯	墨田区八広一丁目 1-2	京成押上線「京成曳舟」駅下車、徒歩5分	月曜	1	15:30-23:30	1
item-cnt-152.html	墨田 15	1	薬師湯	墨田区向島三丁目 46-10	東武伊勢崎線「とうきょうスカイツリー」駅下車、徒歩1分	水曜/祝日の場合は火曜	1	15:30-26:00	1
item-cnt-160.html	墨田 17	1	良の湯	墨田区東向島二丁目 15-6	東武伊勢崎線「曳舟」駅下車、徒歩1分	水曜	1	15:15-23:30	1
item-cnt-159.html	墨田 20	1	電気湯	墨田区京島三丁目 10-10	京成押上線「京成曳舟」駅下車、徒歩5分	土曜	0	15:00-23:00	1
item-cnt-153.html	墨田 25	1	中川湯	墨田区立花六丁目 14-11	東武亀戸線「東あずま」駅下車、徒歩10分	月曜	1	15:30-23:30	1
item-cnt-151.html	墨田 30	1	さくら湯	墨田区業平四丁目 6-5	都営浅草線「押上（スカイツリー前）」駅下車、徒歩2分/東京メトロ半蔵門線「押上（スカイツリー前）」駅下車、徒歩2分	不定休/（詳細はホームページをご覧ください）	1	15:30-24:00	1
item-cnt-150.html	墨田 31	1	押上温泉 大黒湯	墨田区横川三丁目 12-14	東京メトロ半蔵門線・東武伊勢崎線・都営浅草線・京成押上線「押上」駅から徒歩６分/総武線「錦糸町」駅より徒歩12分/東京スカイツリーから徒歩10分	火曜/祝日の場合は翌日休	1	15:00-翌朝10:00/土曜は14時から、日・祝日は13時から営業	1
item-cnt-146.html	墨田 33	1	荒井湯	墨田区本所二丁目 8-7	都営浅草線「本所吾妻橋」駅下車、徒歩10分	水曜/（第5水曜は営業）	1	15:30-24:00	1
item-cnt-145.html	墨田 34	1	御谷湯	墨田区石原三丁目 30-8	総武線「錦糸町」駅下車、徒歩16分/総武線「錦糸町」駅よりバス。「石原３丁目」下車、徒歩2分	月曜/祝日は翌日休	1	15:30-26:00	1
item-cnt-144.html	墨田 35	0	幸楽湯	墨田区亀沢四丁目 24-7	総武線「錦糸町」駅下車、徒歩5分	第 1, 3, 4 土曜	1	15:30-21:00	0
item-cnt-149.html	墨田 36	1	黄金湯	墨田区太平四丁目 14-6	総武線「錦糸町」駅よりバス。「太平３丁目」下車、徒歩2分	水曜	1	15:30-24:00	1
item-cnt-143.html	墨田 39	1	松の湯	墨田区緑三丁目 4-6	総武線「錦糸町」駅よりバス。「緑３丁目」下車、徒歩2分	無休	1	15:00-24:00/日曜は8:00-13:00も営業	1
item-cnt-141.html	墨田 44	1	高砂湯	墨田区立川四丁目 11-12	都営新宿線「菊川」駅下車、徒歩3分	水曜	0	15:30-24:00	1
item-cnt-173.html	江東 1	1	常盤湯	江東区常盤二丁目 3-8	都営大江戸線「森下」駅下車、徒歩3分	木曜	1	15:30-23:00	0
item-cnt-174.html	江東 2	1	竹の湯	江東区森下四丁目 9-18	都営新宿線「菊川」駅下車、徒歩7分	土曜	1	15:30-23:30	0
item-cnt-172.html	江東 4	1	辰巳湯	江東区三好一丁目 2-3	都営大江戸線「清澄白河」駅下車、徒歩2分	月曜	1	15:00-24:00/土曜・日曜13:00-24:00	1
item-cnt-175.html	江東 5	0	亀の湯	江東区猿江一丁目 18-9	都営新宿線「住吉」駅下車、徒歩5分	土曜/※2019年1月28日-3月16日まで休業予定	1	15:30-22:45	0
item-cnt-176.html	江東 6	1	日の出湯	江東区住吉二丁目 5-14	都営新宿線「住吉」駅下車、徒歩1分（B1出口左折次信号左折）	木曜（要確認）	0	15:30-22:00	0
item-cnt-178.html	江東 9	1	隆乃湯	江東区亀戸五丁目 9-7	総武線「亀戸」駅下車、徒歩3分	木曜	1	15:05-23:30	1
item-cnt-179.html	江東 11	1	富山湯	江東区亀戸六丁目 49-14	総武線「亀戸」駅下車、徒歩8分	土曜	1	15:00-23:00	1
item-cnt-181.html	江東 12	1	らかん湯	江東区大島二丁目 37-7	都営新宿線「西大島」駅下車、徒歩4分	月曜/祝日は営業	1	15:00-23:00	0
item-cnt-180.html	江東 13	1	第二久の湯	江東区大島一丁目 36-6	都営新宿線「西大島」駅下車、徒歩3分	木曜	1	15:00-23:00	0
item-cnt-182.html	江東 15	1	竹の湯	江東区大島七丁目 7-3	都営新宿線「大島」駅下車、徒歩8分	木曜	1	15:30-23:00	1
item-cnt-183.html	江東 16	1	春の湯	江東区大島七丁目 25-14	都営新宿線「東大島」駅下車、徒歩7分	月曜	0	15:20-23:00	1
item-cnt-168.html	江東 19	1	白山湯	江東区枝川一丁目 6-15	東京メトロ有楽町線「豊洲」駅下車、徒歩10分	土曜	1	15:00-24:00	0
item-cnt-171.html	江東 20	1	ニュー松の湯	江東区東陽三丁目 12-11	東京メトロ東西線「木場」駅下車、徒歩1分	月曜/祝日は翌日休	1	15:10-23:30	0
item-cnt-169.html	江東 21	1	金春湯	江東区東陽一丁目 6-9	東京メトロ東西線「木場」駅下車、徒歩5分	木曜	1	15:00-23:00	0
item-cnt-189.html	江東 23	1	久の湯	江東区南砂一丁目 14-9	東京メトロ東西線「東陽町」駅よりバス。「南砂１丁目」下車、徒歩3分	月、木曜	1	14:00-22:00	1
item-cnt-184.html	江東 25	1	竹の湯	江東区北砂三丁目 25-8	都営新宿線「西大島」駅よりバス。「北砂３丁目入り口」下車、徒歩5分	火曜	0	15:30-22:30	0
item-cnt-186.html	江東 28	1	亀の湯	江東区北砂四丁目 20-25	総武線「亀戸」駅よりバス。「北砂４丁目」下車、徒歩1分	月曜	1	16:00-22:30	1
item-cnt-191.html	江東 29	1	喜楽湯	江東区南砂四丁目 15-19	東京メトロ東西線「南砂町」駅より徒歩8分/（バスの場合は「学校通り」下車、徒歩2分）	土曜	1	16:00-22:30	1
item-cnt-188.html	江東 30	1	文化湯	江東区北砂六丁目 14-8	都営新宿線「東大島」駅よりバス。「北砂６丁目」下車、徒歩0分	月曜/祝日は翌日休	1	14:00-22:45/日・祝日は13:00から営業	0
item-cnt-187.html	江東 31	1	丸八湯	江東区北砂六丁目 7-3	都営新宿線「大島」駅下車、徒歩10分	水曜	1	15:00-23:00	0
item-cnt-192.html	江東 32	1	藤の湯	江東区東砂三丁目 18-17	都営新宿線「東大島」駅よりバス。「東砂３丁目」下車、徒歩4分	6, 16, 26日/日曜の場合は翌日休	1	15:00-23:00	1
item-cnt-193.html	江東 33	1	旭湯	江東区東砂七丁目 15-1	総武線「亀戸」駅よりバス。「旧葛西橋」下車、徒歩1分	9, 19, 29日	0	15:00-23:00	1
item-cnt-194.html	江東 34	1	不二の湯	江東区東砂八丁目 20-16	東京メトロ東西線「南砂町」駅よりバス。「袖ヶ浦」下車、徒歩2分	水曜/変更の場合事前に告知	0	15:00-22:30	1
item-cnt-409.html	品川 1	1	高松湯	品川区上大崎三丁目 5-4	山手線「目黒」駅東口下車、徒歩3分	月曜	0	16:00-23:00	0
item-cnt-408.html	品川 3	1	松の湯	品川区西五反田六丁目 18-3	東急目黒線「不動前」駅下車、徒歩7分	月曜	1	15:30-24:00/日曜は15:00から営業	0
item-cnt-417.html	品川 4	1	武蔵小山温泉 清水湯	品川区小山三丁目 9-1	東急目黒線「武蔵小山」駅下車、徒歩5分	月曜/祝日の場合は営業	1	12:00-24:00/日曜は8:00-24:00	0
item-cnt-418.html	品川 5	1	東京浴場	品川区小山六丁目 7-2	東急目黒線「西小山」駅下車、徒歩1分	月曜/祝日は翌日休	1	16:00-23:30	0
item-cnt-420.html	品川 6	1	恵比寿湯	品川区荏原五丁目 11-2	東急目黒線「西小山」駅下車、徒歩8分	不定休/（当分の間、月、水、金曜休み）	1	15:30-23:30	0
item-cnt-426.html	品川 9	1	富士見湯	品川区東中延一丁目 3-8	東急池上線「荏原中延」駅下車、徒歩5分	水曜	1	15:30-23:30	0
item-cnt-421.html	品川 11	1	戸越銀座温泉	品川区戸越二丁目 1-6	都営浅草線「戸越」駅下車、徒歩3分	金曜	1	15:00-25:00/日曜、祝日は8:00-12:00も営業	0
item-cnt-410.html	品川 12	1	金春湯	品川区大崎三丁目 18-8	山手線「大崎」駅下車、徒歩7分	月曜	1	15:30-24:00/(入店は30分前まで)	0
item-cnt-411.html	品川 13	1	万福湯	品川区大崎四丁目 2-3	東急池上線「大崎広小路」駅下車、徒歩1分	月曜	1	16:00-23:00/入店は22:30まで	0
item-cnt-407.html	品川 15	1	西品川温泉 宮城湯	品川区西品川二丁目 18-4	東急大井町線「下神明」駅下車、徒歩5分	月曜/祝日の場合は営業	0	15:30-25:00/日曜11:00-25:00/祝日13:00-25:00	0
item-cnt-404.html	品川 16	1	吹上湯	品川区北品川一丁目 25-12	京浜急行線「北品川」駅下車、徒歩2分	水曜、土曜	0	15:30-22:30	1
item-cnt-405.html	品川 17	1	北品川温泉 天神湯	品川区北品川二丁目 23-9	京浜急行線「新馬場」駅下車、徒歩３分	金曜	1	15:00-24:30/最終入場24:00	1
item-cnt-428.html	品川 19	1	錦湯	品川区旗の台一丁目 2-17	東急池上線「旗の台」駅下車、徒歩7分	土曜	0	15:00-24:00	0
item-cnt-430.html	品川 20	1	中延記念湯	品川区旗の台四丁目 11-2	東急池上線「旗の台」駅下車、徒歩5分	不定休	1	14:00-24:30/日祝は10:00-24:30	1
item-cnt-429.html	品川 21	1	新生湯	品川区旗の台四丁目 5-18	東急大井町線・池上線「旗の台」駅下車、徒歩5分/東急大井町線「荏原町」駅下車、徒歩5分	月曜/祝日月曜は営業	1	15:30-24:30/土曜は15-24時半、日曜は11-24時、祝日月曜は13-24時	0
item-cnt-427.html	品川 23	1	八幡湯	品川区西中延三丁目 15-8	東急大井町線「荏原町」駅下車、徒歩4分	火曜	1	15:00-24:00	1
item-cnt-425.html	品川 25	1	星の湯	品川区中延六丁目 1-10	東急大井町線「荏原町」駅下車、徒歩5分	土曜	0	15:00-24:30/入店は24:00まで	0
item-cnt-423.html	品川 26	1	松の湯	品川区戸越六丁目 23-15	東急大井町線「中延」駅下車、徒歩2分	月曜/祝日月曜は営業（15:00-25:00）	1	15:00-25:00/日曜10:00-24:00	0
item-cnt-431.html	品川 29	1	大盛湯	品川区二葉二丁目 4-4	東急大井町線「下神明」駅下車、徒歩7分/ＪＲ横須賀線 「西大井」駅下車、 徒歩5分	金曜	1	15:00-23:00	1
item-cnt-416.html	品川 30	1	ピース湯	品川区西大井六丁目 15-16	横須賀線「西大井」駅下車、徒歩8分	月曜/祝日は営業	1	15:30-24:00	1
item-cnt-415.html	品川 31	1	みどり湯	品川区西大井一丁目 7-26	横須賀線「西大井」駅下車、徒歩3分	火曜	1	14:45-24:00	0
item-cnt-414.html	品川 33	1	東京浴場	品川区大井二丁目 22-16	京浜東北線「大井町」駅下車、徒歩7分	月曜/（12月は不定休）	0	15:00-23:00	0
item-cnt-413.html	品川 34	1	末広湯	品川区大井一丁目 42-4	京浜東北線「大井町」駅下車、徒歩4分	水曜	1	15:00-24:00	0
item-cnt-412.html	品川 37	1	水神湯	品川区南大井六丁目 9-10	京浜東北線「大森」駅下車、徒歩6分	土曜	1	15:00-22:30	0
item-cnt-512.html	目黒 1	1	文化浴泉	目黒区東山三丁目 6-8	東急田園都市線「池尻大橋」駅下車、徒歩5分	不定休	1	15:30-25:00/日曜は8時から12時も営業	0
item-cnt-513.html	目黒 2	1	光明泉	目黒区上目黒一丁目 6-1	東急東横線「中目黒」駅下車、徒歩3分	不定休	1	15:00-25:00/(最終受付24:30)	0
item-cnt-514.html	目黒 3	1	大黒湯	目黒区上目黒四丁目 25-10	東急東横線「祐天寺」駅下車、徒歩7分/東急東横線・東京メトロ日比谷線「中目黒」駅下車、徒歩13分	月曜	1	15:00-24:00	0
item-cnt-516.html	目黒 5	1	効明泉	目黒区祐天寺二丁目 20-3	東急東横線「祐天寺」駅下車、徒歩3分	9, 19, 29日/日曜、祝日は前日又は翌日休	1	16:00-23:30	0
item-cnt-518.html	目黒 6	1	大塚湯	目黒区目黒四丁目 21-19	山手線「目黒」駅よりバス。「自然園下」下車、徒歩5分	土曜	1	15:00-23:00	1
item-cnt-526.html	目黒 9	1	千代の湯	目黒区鷹番二丁目 20-3	東急東横線「学芸大学」駅下車、徒歩2分	月曜	1	15:30-25:00	0
item-cnt-521.html	目黒 11	1	旭湯	目黒区平町一丁目 25-23	東急東横線「都立大学」駅下車、徒歩1分	月曜	1	15:30-24:00	0
item-cnt-520.html	目黒 12	1	みどり湯	目黒区緑が丘二丁目 7-14	東急東横線「自由が丘」駅下車、徒歩7分	木曜	1	14:15-24:00	0
item-cnt-523.html	目黒 16	1	月光泉	目黒区目黒本町四丁目 2-10	東急目黒線「武蔵小山」駅下車、徒歩10分	第 2, 4 火曜	1	14:30-25:00/第2、4日曜は8:00-11:00も営業	0
item-cnt-522.html	目黒 17	1	入間湯	目黒区目黒本町三丁目 9-7	東急目黒線「武蔵小山」駅下車、徒歩5分	水曜	1	15:00-24:00	0
item-cnt-454.html	大田 2	1	照の湯	大田区仲六郷三丁目 23-6	京浜急行線「雑色」駅下車、徒歩5分	木曜	1	15:00-23:30/土、日、祝は10時から営業	0
item-cnt-453.html	大田 3	1	隆の湯	大田区仲六郷二丁目 27-12	京浜急行線「雑色」駅下車、徒歩2分	土曜	0	15:00-24:00	1
item-cnt-452.html	大田 4	1	ヌーランド さがみゆ	大田区仲六郷二丁目 7-5	京浜急行線「雑色」駅下車、徒歩3分	無休	1	10:00-23:00/火曜日は入浴のみ営業(休憩施設はclose)	1
item-cnt-444.html	大田 5	1	蒲田温泉	大田区蒲田本町二丁目 23-2	京浜東北線「蒲田」駅よりバス。「蒲田本町」下車、徒歩1分	無休	1	10:00-25:00	1
item-cnt-457.html	大田 6	1	第五相模湯	大田区南六郷二丁目 7-20	京浜急行線「雑色」駅下車、徒歩7分	月曜	1	15:30-24:00/日曜は9-12時も営業。日曜は23時30分まで。	1
item-cnt-456.html	大田 7	1	太平湯	大田区南六郷一丁目 5-17	京浜東北線「蒲田」駅よりバス。「七辻通り」下車、徒歩2分	月 4 回水曜	0	15:30-23:30	1
item-cnt-449.html	大田 9	1	天神湯	大田区南蒲田一丁目 7-23	京浜急行線「京急蒲田」駅下車、徒歩5分	木曜	1	14:00-24:00/土曜、祝日は12時から、日曜は9時から営業	0
item-cnt-440.html	大田 11	1	新呑川湯	大田区大森南一丁目 21-11	京浜東北線「大森」駅よりバス。「北糀谷」下車、徒歩5分	金曜	1	15:00-24:00/日曜5時半-10時、13時半-24時	1
item-cnt-438.html	大田 12	1	幸の湯	大田区西糀谷一丁目 25-15	京浜急行線「糀谷」駅下車、徒歩5分	月曜	1	6:00-23:00/11-14時は昼休み	0
item-cnt-439.html	大田 13	1	観音湯	大田区西糀谷三丁目 24-16	京浜急行線「糀谷」駅下車、徒歩7分	不定休/月末に翌月休告知	1	16:00-23:30	1
item-cnt-437.html	大田 15	1	宝湯	大田区東糀谷三丁目 4-8	京浜急行線「大鳥居」駅下車、徒歩2分	月曜	1	15:30-23:30/日曜、祝日は15時から営業	1
item-cnt-432.html	大田 16	1	竹の湯	大田区羽田一丁目 12-16	京浜急行線「大鳥居」駅下車、徒歩4分	水曜	0	16:00-23:30	1
item-cnt-434.html	大田 18	1	玉の湯	大田区羽田五丁目 19-13	京浜急行線「穴守稲荷」駅下車、徒歩3分	木曜	0	15:00-22:10	1
item-cnt-433.html	大田 19	1	重の湯	大田区羽田三丁目 16-10	京浜急行線「穴守稲荷」駅下車、徒歩10分	土曜	1	15:00-24:00	1
item-cnt-435.html	大田 21	1	入船湯	大田区羽田六丁目 15-15	京浜急行線「天空橋」駅下車、徒歩6分	無休	1	15:00-26:00/土・日・祝日は8:00-13:00も営業	1
item-cnt-474.html	大田 23	1	第二栗の湯	大田区鵜の木二丁目 46-1	東急多摩川線「鵜の木」駅下車、徒歩4分	金曜	1	15:00-24:00	1
item-cnt-460.html	大田 24	1	都湯	大田区下丸子四丁目 3-11	東急多摩川線「下丸子」駅下車、徒歩3分	月曜/祝日の場合は翌日休	1	14:30-24:00	0
item-cnt-459.html	大田 27	1	新田浴場	大田区矢口二丁目 5-12	東急多摩川線「武蔵新田」駅下車、徒歩6分	水曜	1	14:00-23:30/日曜は朝8-11時も営業	1
item-cnt-451.html	大田 30	1	第一相模湯	大田区西六郷二丁目 29-2	京浜急行線「雑色」駅下車、徒歩10分	月曜	1	14:30-23:00	0
item-cnt-450.html	大田 32	0	秀の湯	大田区新蒲田三丁目 26-1	京浜東北線「蒲田」駅よりバス。「新蒲田３丁目」下車、徒歩1分	土曜	1	15:30-23:00	0
item-cnt-458.html	大田 34	1	草津湯	大田区東矢口二丁目 7-21	東急多摩川線「矢口渡」駅下車、徒歩3分	不定休	1	12:00-24:00	1
item-cnt-468.html	大田 35	1	桜館	大田区池上六丁目 35-5	東急池上線「池上」駅下車、徒歩7分	無休	1	12:00-25:00/土、日、祝日は10時から営業	1
item-cnt-467.html	大田 38	1	久松温泉	大田区池上三丁目 31-16	東急池上線「池上」駅下車、徒歩3分	火曜/祝日は翌日休	0	10:00-24:00	1
item-cnt-448.html	大田 43	1	はすぬま温泉	大田区西蒲田六丁目 16-11	東急池上線「蓮沼」駅下車、徒歩2分	火曜	1	15:00-25:00	1
item-cnt-471.html	大田 45	1	八幡浴場	大田区南千束三丁目 1-13	東急目黒線「大岡山」駅下車、徒歩5分	金曜/第5金曜および祭日の場合は営業	1	16:00-25:00	1
item-cnt-476.html	大田 48	1	稲荷湯	大田区東雪谷三丁目 30-14	東急池上線「石川台」駅下車、徒歩6分	水曜	1	15:30-24:00	1
item-cnt-475.html	大田 50	1	明神湯	大田区南雪谷五丁目 14-7	東急池上線「雪が谷大塚」駅よりバス。「雪谷中学前」下車、徒歩1分	5, 15, 25日/日曜、祝日は翌日休	1	16:00-23:00	0
item-cnt-477.html	大田 51	1	調布弁天湯	大田区北嶺町 10-11	東急池上線「御嶽山」駅下車、徒歩1分	不定休	0	15:30-23:30	0
item-cnt-473.html	大田 53	1	COCOFURO（ココフロ）ますの湯	大田区南久が原二丁目 1-23	東急池上線「久が原」駅下車、徒歩1分	3, 6, 9, 12 月の第 2 木曜	0	6:00-24:00/最終入館23:30	0
item-cnt-469.html	大田 54	1	久が原湯	大田区久が原二丁目 14-15	東急東横線「田園調布」駅よりバス。「安詳寺」下車、徒歩1分/都営浅草線「西馬込」駅下車、徒歩14分/東急池上線「池上」駅下車、徒歩15分	月曜/祝日の場合は翌日休	1	14:00-24:00/土曜・日曜12:00-24:00	1
item-cnt-463.html	大田 61	1	天狗湯	大田区大森西二丁目 15-3	京浜急行線「平和島」駅下車、徒歩6分	木曜、第三水曜	1	14:30-23:30	1
item-cnt-465.html	大田 62	1	あたり湯	大田区大森西三丁目 11-27	京浜急行線「大森町」駅下車、徒歩10分	月曜	1	15:30-23:30	1
item-cnt-464.html	大田 63	1	大森湯	大田区大森西三丁目 8-17	京浜急行線「大森町」駅下車、徒歩5分	原則第 2, 4 火曜日	1	15:00-23:30	1
item-cnt-466.html	大田 66	1	浜の湯	大田区大森東五丁目 21-1	京浜東北線「大森」駅よりバス。「大森東５丁目」下車、徒歩2分	月曜、第4火曜	1	15:00-23:00	0
item-cnt-445.html	大田 68	1	大正湯	大田区東蒲田一丁目 21-6	京浜急行線「京急蒲田」駅下車、徒歩5分	金曜	0	16:00-24:00	0
item-cnt-443.html	大田 69	1	寿湯	大田区蒲田三丁目 8-6	京浜急行線「京急蒲田」駅下車（西口）、徒歩5分	月曜	1	15:30-23:45	0
item-cnt-441.html	大田 70	1	蒲田福の湯	大田区蒲田一丁目 12-15	京浜東北線「蒲田」駅下車、徒歩12分	木曜	0	14:00-24:30	0
item-cnt-442.html	大田 71	1	ゆ～シティー蒲田	大田区蒲田一丁目 26-16	京浜東北線「蒲田」駅下車、徒歩5分	火曜	1	11:00-24:00	1
item-cnt-446.html	大田 73	1	改正湯	大田区西蒲田五丁目 10-5	京浜東北線「蒲田」駅下車、徒歩7分	金曜	1	15:00-24:30	1
item-cnt-490.html	世田谷 2	1	石川湯	世田谷区北沢三丁目 12-8	小田急線「東北沢」駅下車、徒歩3分	月曜/祝日の場合は翌日休	1	15:30-23:45	0
item-cnt-491.html	世田谷 4	1	宇田川湯	世田谷区羽根木一丁目 14-11	京王線「代田橋」駅下車、徒歩5分	月曜	1	16:00-24:20	0
item-cnt-492.html	世田谷 5	1	松原湯	世田谷区松原二丁目 31-12	京王線「明大前」駅下車、徒歩5分	金曜	1	15:45-22:00	0
item-cnt-495.html	世田谷 6	1	新寿湯	世田谷区代田五丁目 11-7	小田急線「世田谷代田」駅下車、徒歩3分	月曜/祝日の場合は営業	1	15:30-24:00	0
item-cnt-489.html	世田谷 7	1	鶴の湯	世田谷区豪徳寺一丁目 23-20	小田急線「豪徳寺」駅下車、徒歩1分	水曜、第 2 火曜	1	15:00-24:00	0
item-cnt-494.html	世田谷 8	1	山崎湯	世田谷区梅丘二丁目 14-15	小田急線「梅ヶ丘」駅下車、徒歩10分	土曜	1	15:00-23:50	0
item-cnt-486.html	世田谷 13	1	富士見湯	世田谷区太子堂二丁目 33-10	東急田園都市線「三軒茶屋」駅下車、徒歩7分	木曜	1	14:00-24:00	0
item-cnt-479.html	世田谷 15	1	八幡湯	世田谷区太子堂五丁目 21-4	東急世田谷線「西太子堂」駅下車、徒歩4分	金曜/第 3 金、土曜は連休	1	15:00-24:00	0
item-cnt-485.html	世田谷 18	1	天狗湯	世田谷区世田谷一丁目 16-20	東急世田谷線「世田谷」駅下車、徒歩2分	月曜、木曜/（祝日・振り替え休日の場合も休み）	0	15:00-23:30/(閉店は24:00。閉店15分前にバイブラ、ジェット停止。24:00にシャッターを下ろします。)	0
item-cnt-480.html	世田谷 19	1	駒の湯	世田谷区三軒茶屋二丁目 17-13	東急田園都市線「三軒茶屋」駅下車、徒歩5分	月曜	1	15:30-24:00	0
item-cnt-487.html	世田谷 20	1	千代の湯	世田谷区三軒茶屋二丁目 12-7	東急田園都市線「三軒茶屋」駅下車、徒歩2分	金曜	1	16:00-25:00	0
item-cnt-481.html	世田谷 21	1	栄湯	世田谷区上馬一丁目 31-9	山手線「渋谷」駅よりバス。「中里」下車、徒歩2分	水、土曜	1	15:30-23:30	0
item-cnt-482.html	世田谷 22	1	弘善湯	世田谷区下馬二丁目 36-15	東急田園都市線「三軒茶屋」駅下車、徒歩10分	土曜	1	15:30-24:10	0
item-cnt-500.html	世田谷 23	1	丸正浴場	世田谷区喜多見四丁目 36-16	小田急線「喜多見」駅下車、徒歩10分	水曜	0	15:00-23:00	0
item-cnt-501.html	世田谷 24	0	えの木湯	世田谷区祖師谷六丁目 33-15	小田急線「成城学園前」駅よりバス。「榎」下車、徒歩0分	火曜	1	15:00-23:30	0
item-cnt-504.html	世田谷 25	0	塩の湯	世田谷区粕谷三丁目 31-11	京王線「千歳烏山」駅下車、徒歩8分	水曜	1	15:30-24:00	0
item-cnt-505.html	世田谷 26	1	給田湯	世田谷区給田三丁目 1-28	京王線「千歳烏山」駅下車、徒歩3分	水曜	1	16:00-22:00	0
item-cnt-499.html	世田谷 27	1	増穂湯	世田谷区南烏山五丁目 21-15	京王線「千歳烏山」駅下車、徒歩2分	金曜	1	15:00-23:00	1
item-cnt-498.html	世田谷 28	0	松の湯	世田谷区南烏山五丁目 9-7	京王線「千歳烏山」駅下車、徒歩1分	月曜	1	16:00-24:00	0
item-cnt-497.html	世田谷 30	1	北沢湯	世田谷区上北沢四丁目 10-11	京王線「上北沢」駅下車、徒歩3分	水曜	1	15:30-23:30	0
item-cnt-493.html	世田谷 31	1	月見湯温泉	世田谷区赤堤五丁目 36-16	京王線「下高井戸」駅下車、徒歩5分	火曜	1	15:30-24:00	0
item-cnt-488.html	世田谷 33	1	世田谷温泉 四季の湯	世田谷区桜丘二丁目 18-26	小田急線「千歳船橋」駅下車、徒歩3分	月曜	1	15:00-24:00	0
item-cnt-502.html	世田谷 34	1	湯パークレビランド	世田谷区祖師谷一丁目 24-1	小田急線「祖師ケ谷大蔵」駅下車、徒歩10分	火曜/祝日は翌日休	1	15:00-26:00	0
item-cnt-503.html	世田谷 35	1	そしがや温泉２１	世田谷区祖師谷三丁目 36-21	小田急線「祖師ヶ谷大蔵」駅下車、徒歩5分	無休（元旦のみ休業）	1	14:00-24:00/入浴券購入は23:30終了	0
item-cnt-511.html	世田谷 36	1	栄湯	世田谷区用賀四丁目 31-3	東急田園都市線「用賀」駅下車、徒歩5分	月曜、火曜	1	16:00-23:30	0
item-cnt-509.html	世田谷 37	1	藤の湯	世田谷区玉川台二丁目 1-16	東急田園都市線「用賀」駅下車、徒歩8分	金曜、第4木曜	1	15:30-23:00	0
item-cnt-510.html	世田谷 41	0	栗の湯	世田谷区新町一丁目 36-6	東急田園都市線「桜新町」駅下車、徒歩7分	不定休	1	15:40-20:00	0
item-cnt-483.html	世田谷 44	0	ノザワランド	世田谷区野沢四丁目 4-11	東急田園都市線「駒沢大学」駅下車、徒歩12分	月曜/祝日の場合は翌日休	1	15:00-23:00	0
item-cnt-507.html	世田谷 47	1	松の湯	世田谷区奥沢四丁目 24-2	東急目黒線「奥沢」駅下車、徒歩2分	火、水曜	1	15:30-22:00/土日は15時より営業	1
item-cnt-506.html	世田谷 48	0	つばめ湯	世田谷区奥沢一丁目 40-14	東急大井町線「緑が丘」駅下車、徒歩5分	火曜	0	15:30-24:00/日曜、祝日は15時-	0
item-cnt-354.html	渋谷 1	1	羽衣湯	渋谷区本町三丁目 24-20	都営大江戸線「西新宿５丁目」駅下車、徒歩4分	金曜	1	14:00-25:30/日曜は13時から営業	0
item-cnt-353.html	渋谷 4	1	第二かねき湯	渋谷区本町一丁目 31-2	京王新線「初台」駅下車、徒歩8分	月曜	1	16:00-24:00	0
item-cnt-351.html	渋谷 5	1	観音湯	渋谷区幡ケ谷二丁目 46-7	京王新線「幡ヶ谷」駅下車、徒歩3分	不定休	1	13:30-24:00	0
item-cnt-350.html	渋谷 7	1	渋谷笹塚温泉 栄湯	渋谷区笹塚二丁目 9-5	京王線「笹塚」駅下車、徒歩5分	水曜、第 3 木曜	1	15:00-25:30/第1・3日曜 13:00-24:00/第2・4・5日曜 15:00-24:00/(最終受付は閉店の30分前まで)	1
item-cnt-356.html	渋谷 8	1	仙石湯	渋谷区西原二丁目 27-5	京王新線「幡ヶ谷」駅下車、徒歩3分	月曜	1	16:00-24:00	0
item-cnt-357.html	渋谷 9	1	大黒湯	渋谷区西原三丁目 24-5	小田急線「代々木上原」駅下車、徒歩3分	第 1, 3 水曜	1	15:00-25:30/日曜は12時から営業	0
item-cnt-355.html	渋谷 10	1	八幡湯	渋谷区富ケ谷一丁目 2-10	小田急線「代々木八幡」駅下車、徒歩2分	金曜	1	15:30-24:00	0
item-cnt-347.html	渋谷 13	1	さかえ湯	渋谷区東一丁目 31-19	山手線「渋谷」駅下車、徒歩8分	金曜/銭湯の日、しょうぶ湯、ゆず湯は営業	1	15:30-25:00/女湯は24:30まで	0
item-cnt-344.html	渋谷 14	1	改良湯	渋谷区東二丁目 19-9	山手線「渋谷」駅下車、徒歩12分/山手線「恵比寿」駅下車、徒歩12分	土曜	1	15:00-24:30/日曜・祝日13:00-23:00/(最終入場は閉店30分前まで)	0
item-cnt-346.html	渋谷 15	1	広尾湯	渋谷区広尾五丁目 4-16	東京メトロ日比谷線「広尾」駅下車、徒歩1分	水曜	1	15:00-24:00	0
item-cnt-345.html	渋谷 18	1	宝来湯	渋谷区恵比寿三丁目 39-5	東京メトロ日比谷線「広尾」駅下車、徒歩8分	土曜	1	16:00-23:00/日曜・祝日16:00-22:00	0
item-cnt-371.html	中野 2	1	たからゆ	中野区若宮一丁目 49-1	西武新宿線「野方」駅下車、徒歩6分	月曜	1	16:00-24:30	0
item-cnt-374.html	中野 4	1	大和湯	中野区大和町四丁目 1-3	中央線「高円寺」駅下車、徒歩13分	金曜	1	16:00-23:00	0
item-cnt-373.html	中野 6	1	上越泉	中野区野方一丁目 51-10	中央線「中野」駅下車、徒歩10分	金曜	1	15:30-25:00	0
item-cnt-372.html	中野 7	1	昭和湯	中野区野方一丁目 21-1	中央線「中野」駅よりバス。「野方警察署前」下車、徒歩3分	土曜	1	15:00-25:00	0
item-cnt-378.html	中野 8	1	一の湯	中野区沼袋一丁目 39-10	西武新宿線「沼袋」駅下車、徒歩1分	第 1, 3, 5 水曜	1	16:00-25:30/日祝は15:00-25:30	0
item-cnt-379.html	中野 10	1	江古田湯	中野区江古田三丁目 5-12	大江戸線「新江古田」駅下車、徒歩10分	月曜	1	16:00-24:00	1
item-cnt-376.html	中野 13	1	新越泉	中野区新井五丁目 17-2	西武新宿線「新井薬師前」駅下車、徒歩3分	月曜	1	15:00-24:00	0
item-cnt-375.html	中野 14	1	中野寿湯温泉	中野区新井一丁目 14-13	中央線「中野」駅下車、徒歩7分	火曜	1	16:00-25:30	1
item-cnt-359.html	中野 18	1	健康浴泉	中野区東中野三丁目 17-3	総武線「東中野」駅下車、徒歩5分/東京メトロ東西線「落合」駅下車、徒歩5分	水曜	1	15:00-24:00	0
item-cnt-361.html	中野 19	1	松本湯	中野区東中野五丁目 29-12	東京メトロ東西線「落合」駅下車、徒歩3分	木曜/祝日は翌日休	1	15:00-24:00	0
item-cnt-360.html	中野 20	1	アクア東中野	中野区東中野四丁目 9-22	総武線「東中野」駅下車、徒歩2分	月曜/祝日は翌日休	1	15:00-24:00	0
item-cnt-358.html	中野 21	1	天神湯	中野区中野五丁目 10-10	中央線「中野」駅下車、徒歩7分	月曜、木曜/祝日は営業	1	15:45-23:00	1
item-cnt-365.html	中野 22	1	昭和浴場	中野区中央五丁目 21-12	東京メトロ丸ノ内線「東高円寺」駅下車、徒歩5分	水曜	1	15:30-25:30/金曜は翌3時まで営業	0
item-cnt-364.html	中野 23	1	高砂湯	中野区中央四丁目 49-2	中央線「中野」駅下車、徒歩7分/東京メトロ丸ノ内線「新中野」駅下車、徒歩7分	月曜/祝日は翌日休	1	15:00-24:30	1
item-cnt-362.html	中野 24	1	千代の湯	中野区中央三丁目 16-12	中央線「中野」駅よりバス。「紅葉山公園下」下車、徒歩2分	土曜	1	15:45-24:00	1
item-cnt-363.html	中野 25	1	照の湯	中野区中央三丁目 30-6	東京メトロ丸ノ内線「新中野」駅下車、徒歩3分	土曜	1	15:30-24:00	1
item-cnt-366.html	中野 26	1	クラブ湯	中野区本町二丁目 47-5	東京メトロ丸ノ内線「中野坂上」駅下車、徒歩1分	土曜	1	15:00-24:30	1
item-cnt-367.html	中野 27	1	大黒湯	中野区本町四丁目 32-10	東京メトロ丸ノ内線「新中野」駅下車、徒歩3分	月曜/祝日の場合は翌日休	1	16:00-25:00/※女湯は23:30まで	1
item-cnt-369.html	中野 29	1	清春湯	中野区弥生町二丁目 1-9	東京メトロ丸ノ内線「中野新橋」駅下車、徒歩7分	不定休	1	15:30-26:00	0
item-cnt-370.html	中野 31	1	月の湯	中野区南台二丁目 30-7	中央線「中野」駅よりバス。「南台３丁目」下車、徒歩2分	月曜、火曜	1	15:00-23:00	0
item-cnt-393.html	杉並 2	1	井草湯	杉並区下井草五丁目 3-15	西武新宿線「井荻」駅下車、徒歩6分	月曜	0	14:30-22:30/(最終入店22:00)	0
item-cnt-394.html	杉並 3	1	亀の湯	杉並区桃井一丁目 35-9	中央線「荻窪」駅よりバス。「清水２丁目」下車、徒歩3分	月曜	1	16:00-24:00	0
item-cnt-395.html	杉並 4	1	秀の湯	杉並区桃井四丁目 2-9	中央線「西荻窪」駅下車、徒歩10分/中央線「西荻窪」駅よりバス。「桃井４丁目」下車、徒歩1分	木曜	1	15:30-25:30	0
item-cnt-396.html	杉並 6	1	文化湯	杉並区西荻北四丁目 3-10	中央線「西荻窪」駅下車、徒歩5分	月曜	1	16:00-24:00	0
item-cnt-398.html	杉並 9	1	天狗湯	杉並区西荻南一丁目 21-4	中央線「西荻窪」駅下車、徒歩7分	金曜	1	15:45-23:45	0
item-cnt-399.html	杉並 10	1	ＧＯＫＵＲＡＫＵＹＡ	杉並区上荻二丁目 40-14	中央線「荻窪」駅下車、徒歩7分	火曜	1	16:00-26:00	0
item-cnt-392.html	杉並 12	1	第二宝湯	杉並区本天沼二丁目 7-13	中央線「荻窪」駅よりバス。「稲荷横丁」下車、徒歩0分	金曜	1	15:30-24:00	0
item-cnt-391.html	杉並 14	1	藤乃湯	杉並区天沼二丁目 17-20	中央線「荻窪」駅下車、徒歩5分	土曜	1	16:00-24:00	0
item-cnt-385.html	杉並 16	1	天徳泉	杉並区阿佐谷北二丁目 22-1	中央線「阿佐ヶ谷」駅下車、徒歩4分	土曜	1	15:00-26:00	0
item-cnt-384.html	杉並 20	1	玉の湯	杉並区阿佐谷北一丁目 13-7	中央線「阿佐ヶ谷」駅下車、徒歩7分	月、火曜	1	15:00-25:00	1
item-cnt-382.html	杉並 21	1	なみのゆ	杉並区高円寺北三丁目 29-2	中央線「高円寺」駅下車、徒歩7分	土曜	1	15:00-25:00/日曜は8:00-12:00も営業、水曜は18:00開店	1
item-cnt-383.html	杉並 22	1	小杉湯	杉並区高円寺北三丁目 32-2	中央線「高円寺」駅下車、徒歩5分	木曜	1	15:30-25:45	0
item-cnt-380.html	杉並 23	1	弁天湯	杉並区高円寺南三丁目 25-1	東京メトロ丸ノ内線「新高円寺」駅下車、徒歩6分	月曜	1	15:30-25:00	0
item-cnt-381.html	杉並 26	1	香藤湯	杉並区高円寺南五丁目 1-7	中央線「中野」駅下車、徒歩7分/丸ノ内線「東高円寺」駅下車、徒歩7分	金曜	1	16:00-25:00	0
item-cnt-402.html	杉並 27	1	大和湯	杉並区和田一丁目 71-18	東京メトロ丸ノ内線「東高円寺」駅下車、徒歩6分	月曜	1	16:00-24:30/日曜は15:00から営業	0
item-cnt-390.html	杉並 28	1	桜湯	杉並区和田三丁目 11-9	東京メトロ丸ノ内線「東高円寺」駅下車、徒歩10分	木曜	1	15:00-24:00	0
item-cnt-387.html	杉並 29	1	杉並湯	杉並区梅里一丁目 13-7	東京メトロ丸ノ内線「新高円寺」駅下車、徒歩3分	月曜	1	15:45-24:00	0
item-cnt-388.html	杉並 32	1	ゆ家和ごころ 吉の湯	杉並区成田東一丁目 14-7	京王井の頭線「永福町」駅よりバス。「松ノ木住宅」下車、徒歩5分	月曜	0	13:30-22:00/最終入場21:30	0
item-cnt-401.html	杉並 36	1	大黒湯	杉並区和泉一丁目 34-2	京王線「代田橋」駅下車、徒歩10分	水曜	1	16:00-24:00	0
item-cnt-400.html	杉並 38	1	湯の楽代田橋	杉並区和泉一丁目 1-4	京王線「代田橋」駅下車、徒歩4分	木曜	1	15:00-24:30/日曜は14:00から営業	0
item-cnt-535.html	豊島 2	1	山の湯	豊島区要町一丁目 47-12	東京メトロ有楽町線「要町」駅下車、徒歩5分	月曜/祝日は翌日休	0	15:30-24:00	0
item-cnt-533.html	豊島 5	1	健康ランド末広湯	豊島区千早二丁目 14-13	東京メトロ有楽町線「要町」駅下車、徒歩7分	金曜/祝日は営業	1	16:00-24:30/日祝は15:00-	0
item-cnt-531.html	豊島 12	1	広の湯	豊島区南長崎三丁目 36-14	西武池袋線「椎名町」駅下車、徒歩7分	月曜	0	16:00-24:00	0
item-cnt-530.html	豊島 13	1	五色湯	豊島区目白五丁目 21-4	西武池袋線「椎名町」駅下車、徒歩3分	土曜	1	16:30-24:30/日曜は14:30から営業	0
item-cnt-529.html	豊島 14	1	妙法湯	豊島区西池袋四丁目 32-4	西武池袋線「椎名町」駅下車、徒歩2分	月曜	1	15:00-25:00	0
item-cnt-528.html	豊島 16	1	湯～ゆランドあずま	豊島区西池袋四丁目 13-9	西武池袋線「椎名町」駅下車、徒歩8分	火曜	1	15:30-25:30/日曜は14:00から営業	1
item-cnt-545.html	豊島 21	1	前田湯	豊島区池袋四丁目 12-25	山手線「池袋」駅下車、徒歩15分	日曜	1	16:30-24:00	0
item-cnt-542.html	豊島 22	1	平和湯	豊島区池袋二丁目 64-11	山手線「池袋」駅下車、徒歩5分	月曜	1	15:00-25:00	0
item-cnt-537.html	豊島 24	1	小松湯	豊島区池袋本町三丁目 1-3	東武東上線「北池袋」駅下車、徒歩7分	水曜	1	16:00-24:30	0
item-cnt-539.html	豊島 25	1	新月湯	豊島区池袋本町四丁目 25-1	東武東上線「北池袋」駅下車、徒歩3分	火曜	1	15:30-24:30	0
item-cnt-541.html	豊島 26	1	ゆラックス	豊島区上池袋二丁目 10-6	山手線「池袋」駅下車、徒歩8分	土曜	1	15:00-22:00	0
item-cnt-540.html	豊島 28	0	稲荷湯	豊島区上池袋一丁目 9-17	山手線「池袋」駅下車、徒歩10分	水曜	1	15:50-25:00	0
item-cnt-553.html	豊島 29	1	千代田湯	豊島区北大塚三丁目 7-7	山手線「大塚」駅下車、徒歩7分	月曜	1	16:00-23:00	0
item-cnt-547.html	豊島 31	1	巣鴨湯	豊島区巣鴨四丁目 13-9	都電荒川線「庚申塚」駅下車、徒歩1分	金曜	1	16:00-24:30/日曜15:00-	0
item-cnt-548.html	豊島 32	1	やすらぎの湯 ニュー椿	豊島区巣鴨五丁目 20-3	都電荒川線「新庚申塚」駅下車、徒歩0分	木曜	1	15:00-24:00	0
item-cnt-555.html	豊島 33	1	えびす湯	豊島区駒込七丁目 15-9	山手線「巣鴨」駅下車、徒歩15分	月曜/祝日は翌日休	1	15:30-23:30	0
item-cnt-554.html	豊島 34	1	香取湯	豊島区駒込六丁目 16-6	山手線「駒込」駅下車、徒歩10分	金曜	1	14:00-24:00	1
item-cnt-546.html	豊島 35	1	宮下湯	豊島区巣鴨一丁目 30-2	山手線「巣鴨」駅下車、徒歩3分	木曜	1	15:00-24:30	0
item-cnt-551.html	豊島 37	1	玉の湯	豊島区南大塚二丁目 31-3	山手線「大塚」駅下車、徒歩5分	木曜	1	15:00-25:00	0
item-cnt-552.html	豊島 38	1	大塚記念湯	豊島区南大塚三丁目 38-15	山手線「大塚」駅下車、徒歩3分	金曜	1	14:00-25:00/2Fサウナ(別料金)	0
item-cnt-527.html	豊島 40	1	高砂湯	豊島区雑司が谷一丁目 5-3	副都心線「雑司が谷」駅下車、徒歩8分	水、金曜	1	17:00-24:00	0
item-cnt-587.html	北 1	1	露天風呂ゆの花	北区浮間四丁目 6-10	埼京線「浮間舟渡」駅下車、徒歩7分	月曜	1	15:00-23:00/最終入店時間22時半	1
item-cnt-580.html	北 3	1	お玉湯	北区赤羽北一丁目 25-13	埼京線「北赤羽」駅下車、徒歩7分/南北線「赤羽岩淵」駅下車、徒歩7分	水曜	1	15:45-24:00	1
item-cnt-581.html	北 4	1	富士の湯	北区西が丘一丁目 25-14	埼京線「赤羽」駅よりバス。「西ケ丘」下車、徒歩2分	水曜	1	15:30-23:30	1
item-cnt-579.html	北 5	1	岩の湯	北区岩淵町 31-2	東京メトロ南北線「赤羽岩淵」駅下車、徒歩3分	金曜	1	15:30-24:00	1
item-cnt-586.html	北 7	1	テルメ末広	北区志茂五丁目 16-14	東京メトロ南北線「志茂」駅下車、徒歩7分	金曜	1	14:00-24:00	1
item-cnt-585.html	北 8	1	ＨＯＴランドみどり湯	北区志茂三丁目 25-9	東京メトロ南北線「志茂」駅下車、徒歩3分	月曜/祝日は翌日休	1	15:00-23:30/日曜13:00-23:30	1
item-cnt-582.html	北 12	1	藤の湯	北区神谷三丁目 23-12	埼京線「赤羽」駅下車、徒歩15分	木曜	1	15:45-24:00	1
item-cnt-583.html	北 13	1	平和湯	北区神谷三丁目 41-13	東京メトロ南北線「王子神谷」駅下車、徒歩7分	金曜	1	15:00-24:00	1
item-cnt-578.html	北 15	1	十條湯	北区十条仲原一丁目 14-2	埼京線「十条」駅下車、徒歩5分	火曜、金曜	1	15:15-23:30	1
item-cnt-577.html	北 19	1	加賀浴場	北区王子本町二丁目 23-9 加賀ビル	京浜東北線「王子」駅下車、徒歩7分	水曜	1	15:00-23:00	1
item-cnt-574.html	北 20	1	地蔵湯	北区東十条二丁目 14-6	京浜東北線「東十条」駅下車、徒歩4分	金曜	0	14:15-23:30/23時30分で閉めます!	1
item-cnt-575.html	北 21	1	柳湯	北区東十条三丁目 5-15	京浜東北線「東十条」駅下車、徒歩5分	月曜	1	14:30-24:00/日・祝日は13:00-23:00	1
item-cnt-573.html	北 22	1	藤ランド	北区東十条一丁目 22-11	京浜東北線「東十条」駅下車、徒歩5分	水曜	1	15:30-24:00	1
item-cnt-572.html	北 23	1	金星湯	北区王子四丁目 1-3	東京メトロ南北線「王子神谷」駅下車、徒歩5分	不定休（月 2 回）	1	16:00-25:00/日曜は8:00-12:00も営業	1
item-cnt-571.html	北 24	1	宝泉湯	北区豊島八丁目 23-5	東京メトロ南北線「王子神谷」駅下車、徒歩5分	水曜	1	15:00-23:30	1
item-cnt-570.html	北 25	1	豊島浴場	北区豊島八丁目 2-18	京浜東北線「王子」駅よりバス。「豊島７丁目」下車、徒歩0分	木曜	1	15:00-23:30	1
item-cnt-569.html	北 26	1	豊島湯	北区豊島三丁目 19-7	京浜東北線「王子」駅よりバス。「豊島３丁目」下車、徒歩2分	不定休	1	15:30-23:30	1
item-cnt-559.html	北 28	1	滝野川浴場	北区滝野川三丁目 17-5	都営三田線「西巣鴨」駅下車、徒歩3分	火曜	0	16:00-24:00/日曜、祝日は15:00から営業	1
item-cnt-560.html	北 29	1	稲荷湯	北区滝野川六丁目 27-14	都営三田線「西巣鴨」駅下車、徒歩6分/埼京線「板橋」駅下車、徒歩6分	水曜	1	14:50-25:15	1
item-cnt-561.html	北 31	1	クアパレスゆうゆう	北区滝野川七丁目 11-8	埼京線「板橋」駅東口下車、徒歩1分	金曜/1月1日、3日は休業	1	14:00-24:00/1月2日は朝湯を実施	1
item-cnt-558.html	北 33	1	飛鳥山温泉	北区滝野川二丁目 43-2	都電荒川線「飛鳥山」駅下車、徒歩5分	火曜	1	14:30-24:30/日曜は13:30より営業	1
item-cnt-556.html	北 34	1	えびす湯	北区滝野川一丁目 1-20	京浜東北線「王子」駅下車、徒歩3分	月曜/祝日は翌日休	1	15:00-24:00	1
item-cnt-557.html	北 35	1	鶴の湯	北区滝野川一丁目 18-8	都電荒川線「滝野川一丁目」駅下車、徒歩2分	金曜	1	15:00-24:00/日曜は14:00から営業	1
item-cnt-564.html	北 36	1	月の湯	北区西ケ原四丁目 29-1	都電荒川線「滝野川一丁目」駅下車、徒歩5分	月曜	1	15:30-24:00	1
item-cnt-576.html	北 38	1	橘湯	北区堀船三丁目 38-7	都電荒川線「梶原」駅下車、徒歩2分	月曜	1	14:00-24:00/日曜は7:00-12:00も営業	1
item-cnt-565.html	北 39	1	大黒湯	北区上中里二丁目 31-12	京浜東北線「上中里」駅下車、徒歩2分	火曜	1	15:00-24:00/日祝は14:00-24:00	1
item-cnt-563.html	北 40	1	殿上湯	北区西ケ原一丁目 20-12	山手線「駒込」駅下車、徒歩8分	金曜	1	16:00-23:00/日曜は8:00-12:00も営業	1
item-cnt-566.html	北 42	1	松の湯	北区田端四丁目 3-9 繁栄ビル 2 階	山手線「駒込」駅下車、徒歩5分	月曜/祝日は翌日休	1	14:30-24:30	1
item-cnt-139.html	荒川 1	1	神田湯	荒川区西尾久八丁目 38-3	都電荒川線「荒川車庫前」駅下車、徒歩1分	金曜	1	15:00-24:30	1
item-cnt-138.html	荒川 2	1	千代の湯	荒川区西尾久五丁目 22-14	都電荒川線「荒川遊園地前」駅下車、徒歩5分	木曜不定休	1	15:00-23:15	1
item-cnt-137.html	荒川 3	1	梅の湯	荒川区西尾久四丁目 13-2	山手線「田端」駅より徒歩15分/都電荒川線「小台」駅より徒歩6分	月曜	1	15:00-25:00	0
item-cnt-135.html	荒川 6	1	尾久ゆ～ランド	荒川区東尾久五丁目 27-5	都電荒川線「熊野前」駅下車、徒歩3分	水曜	0	15:00-25:00	0
item-cnt-134.html	荒川 7	1	ニュー恵美須	荒川区東尾久四丁目 17-9	日暮里舎人ライナー「赤土小学校前」駅下車、徒歩1分	第 1, 3 月曜	1	15:00-24:00	0
item-cnt-133.html	荒川 8	1	やまと湯	荒川区東尾久三丁目 13-3	都電荒川線「東尾久３丁目」駅下車、徒歩2分	金曜	1	15:30-23:30	0
item-cnt-136.html	荒川 9	1	大門湯	荒川区東尾久六丁目 11-2	都電荒川線「東尾久３丁目」駅下車、徒歩3分	月曜	0	16:00-22:30	0
item-cnt-132.html	荒川 10	1	タイムリゾート	荒川区町屋四丁目 4-1	都電荒川線「町屋２丁目」駅下車、徒歩3分	金曜	1	15:00-24:00	1
item-cnt-131.html	荒川 13	1	子宝湯	荒川区町屋三丁目 9-7	東京メトロ千代田線「町屋」駅下車、徒歩6分	月曜	0	15:00-24:00	1
item-cnt-129.html	荒川 15	1	竹の湯	荒川区町屋一丁目 21-14	京成線「町屋」駅下車、徒歩3分	水曜	1	14:00-24:00	1
item-cnt-119.html	荒川 16	1	千歳湯	荒川区西日暮里四丁目 8-4	東京メトロ千代田線「西日暮里」駅下車、徒歩5分	金曜	1	15:30-24:00	0
item-cnt-120.html	荒川 17	1	富来浴場	荒川区西日暮里四丁目 22-10	山手線「西日暮里」駅下車、徒歩3分	日曜	1	15:30-24:00	0
item-cnt-124.html	荒川 23	1	野崎浴場	荒川区荒川二丁目 59-2	京成線「町屋」駅下車、徒歩3分	金曜	0	15:00-24:00	1
item-cnt-126.html	荒川 25	1	喜楽湯	荒川区荒川三丁目 59-11	常磐線「三河島」駅下車、徒歩3分	月曜	1	15:00-24:00/(入店は23時半まで)	0
item-cnt-125.html	荒川 26	1	藤の湯	荒川区荒川三丁目 16-4	常磐線「三河島」駅下車、徒歩7分	木曜	1	16:00-24:00	1
item-cnt-112.html	荒川 27	1	雲翠泉	荒川区東日暮里三丁目 16-4	常磐線「三河島」駅下車、徒歩5分	水曜	1	15:00-24:00	0
item-cnt-113.html	荒川 28	1	帝国湯	荒川区東日暮里三丁目 22-3	常磐線「三河島」駅下車、徒歩7分	月曜	1	15:00-24:00	0
item-cnt-114.html	荒川 29	0	黄金湯	荒川区東日暮里三丁目 27-10	山手線「日暮里」駅下車、徒歩7分	火曜	1	15:00-23:00	0
item-cnt-115.html	荒川 30	1	寿湯	荒川区東日暮里四丁目 12-3	山手線「日暮里」駅下車、徒歩10分	土曜	1	15:00-23:40	0
item-cnt-117.html	荒川 31	0	玉の湯	荒川区東日暮里六丁目 40-20	常磐線「三河島」駅下車、徒歩5分	月曜	1	15:00-21:00	0
item-cnt-118.html	荒川 32	1	日暮里 斉藤湯	荒川区東日暮里六丁目 59-2	山手線「日暮里」駅下車、徒歩3分	金曜	1	14:00-23:30/(最終入場23時)	0
item-cnt-111.html	荒川 35	1	鴻の湯	荒川区東日暮里二丁目 20-10	東京メトロ日比谷線「三ノ輪」駅下車、徒歩10分	月曜	1	15:30-22:30	1
item-cnt-121.html	荒川 38	1	大勝湯	荒川区南千住一丁目 19-4	都電荒川線「三ノ輪橋」駅下車、徒歩2分	水曜	1	10:00-21:30	0
item-cnt-123.html	荒川 42	1	草津湯	荒川区南千住七丁目 26-2	常磐線「南千住」駅下車、徒歩2分	火曜	1	15:00-23:30	0
item-cnt-598.html	板橋 1	1	岩の湯	板橋区常盤台一丁目 34-10	東武東上線「ときわ台」駅下車、徒歩5分/東武東上線「中板橋」駅下車、徒歩８分	金曜	1	16:00-23:30	0
item-cnt-601.html	板橋 4	1	パブリバ八光	板橋区東新町二丁目 56-13	東武東上線「ときわ台」駅下車、徒歩10分	水曜	1	15:30-23:30	0
item-cnt-597.html	板橋 6	1	稲垣浴泉	板橋区中板橋 29-3	東武東上線「中板橋」駅下車、徒歩2分	月曜	1	16:00-23:00	0
item-cnt-604.html	板橋 9	1	第二富士の湯	板橋区大谷口上町 48-9	東武東上線「大山」駅下車、徒歩12分	金曜	0	15:30-24:00	0
item-cnt-605.html	板橋 10	1	大黒湯	板橋区大谷口一丁目 47-5	東京メトロ有楽町線「千川」駅下車、徒歩7分	火曜	1	15:00-24:00	0
item-cnt-592.html	板橋 11	1	第二富士見湯	板橋区幸町 20-5	東武東上線「大山」駅下車、徒歩7分	土曜	1	16:00-24:00/日曜、祝日は15時から営業	0
item-cnt-606.html	板橋 12	1	クアパレス藤	板橋区南町 39-10	東京メトロ有楽町線「千川」駅下車、徒歩13分	水曜、第 1 木曜	1	15:30-24:00/日・祝日13:00ー24:00	0
item-cnt-607.html	板橋 13	1	みやこ湯	板橋区熊野町 34-14	東武東上線「大山」駅下車、徒歩10分	金曜	1	15:30-24:00	0
item-cnt-591.html	板橋 14	1	金松湯	板橋区大山東町 55-3	東武東上線「大山」駅下車、徒歩2分	火曜	1	15:30-23:30	0
item-cnt-596.html	板橋 15	1	一の湯	板橋区栄町 20-11	東武東上線「大山」駅下車、徒歩10分	水曜	1	15:00-23:00/日曜、祝日は14時45分から営業	0
item-cnt-595.html	板橋 16	0	愛染湯	板橋区大和町 46-7	都営三田線「板橋本町」駅下車、徒歩10分	不定休	1	11:00-23:00(最終閉店23:10)、日曜は8:00より営業/男性サウナは2時間まで、開店から22:45まで利用可(受付は22:00まで)	0
item-cnt-594.html	板橋 19	1	竹の湯	板橋区本町 18-3	都営三田線「板橋本町」駅下車、徒歩5分	月曜	0	15:20-24:00/日曜14:20-24:00	0
item-cnt-593.html	板橋 22	1	梅の湯	板橋区仲宿 22-6	都営三田線「板橋区役所前」駅下車、徒歩7分	水曜	1	15:30-24:00	0
item-cnt-590.html	板橋 23	1	さくら湯	板橋区板橋三丁目 39-12	都営三田線「板橋区役所前」駅下車、徒歩5分	月曜、木曜	1	15:30-21:00	0
item-cnt-588.html	板橋 26	1	ゆーらんど	板橋区板橋一丁目 41-13	埼京線「板橋」駅下車、徒歩5分	月曜	1	15:00-25:00	0
item-cnt-614.html	板橋 28	1	初音湯	板橋区成増三丁目 41-16	東武東上線「成増」駅下車、徒歩10分	不定休	1	15:00-23:00	0
item-cnt-616.html	板橋 30	1	岩の湯	板橋区赤塚六丁目 12-2	東武東上線「下赤塚」駅下車、徒歩5分	金曜	1	15:30-23:00/日曜は13-21時	0
item-cnt-622.html	板橋 32	1	黄金湯	板橋区徳丸五丁目 2-2	東武東上線「東武練馬」駅下車、徒歩15分	月曜/祝日の場合は翌日休	1	15:00-22:00	1
item-cnt-621.html	板橋 33	1	光徳湯	板橋区徳丸三丁目 11-16	東武東上線「東武練馬」駅下車、徒歩6分	不定休	1	15:00-23:30/日曜は8:30から営業	0
item-cnt-618.html	板橋 37	1	第一金乗湯	板橋区若木一丁目 19-6	東武東上線「上板橋」駅下車、徒歩10分	不定休	1	16:00-24:00/日曜は15時から営業	0
item-cnt-603.html	板橋 39	1	湯～ハウス	板橋区上板橋三丁目 18-12	東武東上線「上板橋」駅下車、徒歩4分	金曜	1	15:00-23:30	0
item-cnt-602.html	板橋 40	1	寿湯	板橋区上板橋一丁目 21-4	東武東上線「上板橋」駅下車、徒歩3分	火曜	0	15:45-24:00/日曜、祝日、第2木曜は15時30分から営業	0
item-cnt-612.html	板橋 42	1	紀の国湯	板橋区坂下二丁目 33-4	都営三田線「蓮根」駅下車、徒歩1分	月曜/祝日は翌日休	1	15:00-23:00	0
item-cnt-619.html	板橋 43	1	功泉湯	板橋区西台二丁目 17-20	都営三田線「西台」駅下車、徒歩8分	水曜	1	15:00-23:30	0
item-cnt-611.html	板橋 44	1	松の湯	板橋区志村三丁目 28-6	都営三田線「志村３丁目」駅下車、徒歩2分	金曜	1	14:00-24:00	0
item-cnt-610.html	板橋 45	1	熊野湯	板橋区志村一丁目 32-20	都営三田線「志村坂上」駅下車、徒歩5分	水曜	1	14:00-23:30	0
item-cnt-613.html	板橋 49	1	清水湯	板橋区大原町 24-3	都営三田線「本蓮沼」駅下車、徒歩6分	月曜/祝日は翌日休	1	15:30-23:30/日曜、祝日は15時-	0
item-cnt-617.html	板橋 50	1	ときわ健康温泉	板橋区中台一丁目 25-5	東武東上線「上板橋」駅下車、徒歩7分	月曜/祝日は翌日休	1	14:00-23:30/日曜は9:00-23:30	0
item-cnt-599.html	板橋 52	1	アクアセゾン	板橋区常盤台三丁目 14-6	東武東上線「ときわ台」駅下車、徒歩7分	金曜	1	13:30-23:30/日曜は12時-23時30分	0
item-cnt-600.html	板橋 53	1	富の湯	板橋区東新町一丁目 13-13	東武東上線「上板橋」駅下車、徒歩7分	6, 16, 26日	1	14:00-23:00	0
item-cnt-638.html	練馬 2	1	小川バスマンション	練馬区田柄二丁目 32-20	東京メトロ有楽町線「地下鉄赤塚」駅下車、徒歩3分	金曜	1	15:30-23:30/日曜は15:00から営業	0
item-cnt-637.html	練馬 4	1	桑の湯	練馬区北町八丁目 5-2	東武東上線「下赤塚」駅下車、徒歩5分	月曜	1	14:00-22:00	0
item-cnt-636.html	練馬 5	1	ゆ～ポッポ	練馬区北町六丁目 4-13	東京メトロ有楽町線「平和台」駅下車、徒歩3分	月曜/祝日は営業	1	15:00-24:00	1
item-cnt-635.html	練馬 6	1	北町浴場	練馬区北町二丁目 28-13	東武東上線「東武練馬」駅下車、徒歩3分	金曜	1	15:00-23:00	0
item-cnt-631.html	練馬 10	1	中村浴場	練馬区中村北三丁目 3-11	西武池袋線「中村橋」駅下車、徒歩3分	月曜	1	15:30-24:00	0
item-cnt-640.html	練馬 13	1	辰巳湯	練馬区桜台四丁目 42-2	西武池袋線「練馬」駅下車、徒歩6分	水曜	1	15:00-25:00	0
item-cnt-627.html	練馬 14	1	天然温泉 久松湯	練馬区桜台四丁目 32-15	西武池袋線「桜台」駅下車、徒歩5分	火曜	1	11:00-23:00	0
item-cnt-626.html	練馬 15	1	川場湯	練馬区桜台三丁目 15-14	東京メトロ有楽町線「氷川台」駅下車、徒歩2分	月曜	1	15:00-24:00	0
item-cnt-624.html	練馬 16	1	南湯	練馬区栄町 19-5	西武有楽町線「新桜台」駅下車、徒歩1分	土曜	1	16:00-23:00	0
item-cnt-625.html	練馬 17	1	浅間湯	練馬区栄町 38-3	西武池袋線「江古田」駅下車、徒歩2分	金曜	1	16:00-23:50	1
item-cnt-623.html	練馬 19	1	江古田湯	練馬区旭丘一丁目 17-3	西武池袋線「江古田」駅下車、徒歩8分/大江戸線「新江古田」駅下車、徒歩8分	第 2, 4 水曜	1	15:00-24:30	0
item-cnt-629.html	練馬 20	1	豊玉浴場	練馬区豊玉北二丁目 7-18	大江戸線「新江古田」駅下車、徒歩5分	金曜	1	15:00-22:30/日曜は8:00-12:00、16:00-22:30	0
item-cnt-628.html	練馬 21	0	玉の湯	練馬区豊玉中一丁目 11-12	大江戸線「新江古田」駅下車、徒歩8分	月曜	1	16:00-22:30	0
item-cnt-649.html	練馬 23	1	美寿々湯	練馬区大泉町六丁目 10-2	西武池袋線「大泉学園」駅下車、徒歩15分	月曜/祝日は翌日休	1	16:00-23:00/日曜、祝日は15:00から営業	0
item-cnt-648.html	練馬 25	1	三原台 富士の湯	練馬区三原台一丁目 30-1	西武池袋線「石神井公園」駅下車、徒歩10分	月曜	1	15:00-22:00	0
item-cnt-645.html	練馬 26	1	友の湯	練馬区石神井町七丁目 3-3	西武池袋線「石神井公園」駅下車、徒歩6分	月曜/祝日は翌日休	1	15:30-24:00	0
item-cnt-644.html	練馬 27	1	豊宏湯	練馬区石神井町三丁目 14-8	西武池袋線「石神井公園」駅下車、徒歩5分	木曜	1	15:30-24:00	0
item-cnt-641.html	練馬 29	1	たつの湯	練馬区石神井台六丁目 19-26	西武池袋線「大泉学園」駅下車、徒歩15分	月曜	1	15:00-22:00	0
item-cnt-642.html	練馬 30	1	松乃湯	練馬区石神井台七丁目 11-1	西武新宿線「武蔵関」駅下車、徒歩5分	月、火曜/祝日は営業、不定期休業もあり	0	14:00-21:00/日曜は12:00から営業	0
item-cnt-646.html	練馬 32	1	第二亀の湯	練馬区関町北一丁目 15-7	西武新宿線「武蔵関」駅下車、徒歩3分	月曜日	1	12:00-23:00	1
item-cnt-633.html	練馬 35	1	貫井浴場	練馬区貫井二丁目 20-16	西武池袋線「中村橋」駅下車、徒歩8分	月曜/祝日は営業	1	15:00-24:00/日曜は13:00から営業	0
item-cnt-630.html	練馬 37	1	平和湯	練馬区中村南三丁目 11-2	西武新宿線「鷺ノ宮」駅下車、徒歩5分	金曜	1	15:30-24:00	0
item-cnt-208.html	足立 2	1	春の湯	足立区梅田三丁目 14-9	東武伊勢崎線「梅島」駅下車、徒歩15分	月曜	1	14:15-24:00	0
item-cnt-206.html	足立 3	1	曙湯	足立区足立四丁目 22-3	東武伊勢崎線「五反野」駅下車、徒歩5分	木曜	1	15:00-24:00	0
item-cnt-207.html	足立 4	1	常盤湯	足立区足立四丁目 28-8	東武伊勢崎線「五反野」駅下車、徒歩3分	火曜、第一水曜	1	15:00-22:30/変更の場合事前に掲示板で告知	0
item-cnt-204.html	足立 7	1	タカラ湯	足立区千住元町 27-1	東京メトロ日比谷線「北千住」駅よりバス。「千住桜木町」下車、徒歩5分	金曜	0	15:00-23:30	0
item-cnt-203.html	足立 8	1	金の湯	足立区千住柳町 36-8	東京メトロ日比谷線「北千住」駅よりバス。「柳町」下車	火曜	1	15:00-24:00	0
item-cnt-202.html	足立 9	1	ニコニコ湯	足立区千住柳町 2-10	東京メトロ千代田線「北千住」駅よりバス。「勝楽堂病院前」下車	木曜/営業の場合あり	1	15:00-24:30	0
item-cnt-199.html	足立 10	1	大黒湯	足立区千住寿町 32-6	東京メトロ日比谷線「北千住」駅よりバス。「千住４丁目」下車、徒歩2分	月に 1 回連休	0	15:00-24:00	0
item-cnt-196.html	足立 15	1	梅の湯	足立区千住旭町 41-11	東京メトロ日比谷線「北千住」駅下車、徒歩1分	不定休	1	16:00-24:00	0
item-cnt-195.html	足立 17	1	美登利湯	足立区千住旭町 25-11	東京メトロ日比谷線「北千住」駅下車、徒歩6分	火曜	1	16:00-23:30	0
item-cnt-198.html	足立 18	1	大和湯	足立区柳原二丁目 43-1	東京メトロ日比谷線「北千住」駅下車、徒歩10分	水曜	1	15:30-24:00/日曜は14:00から営業	0
item-cnt-197.html	足立 19	1	松の湯	足立区柳原一丁目 24-8	東武伊勢崎線「牛田」駅下車、徒歩5分/京成本線「京成関屋」駅下車、徒歩5分	金曜	1	15:00-23:00	0
item-cnt-229.html	足立 22	1	めぐみ湯	足立区綾瀬五丁目 20-6	東京メトロ千代田線「綾瀬」駅下車、徒歩10分	月曜	0	14:30-22:00	0
item-cnt-227.html	足立 23	1	玉の湯	足立区綾瀬二丁目 37-4	東京メトロ千代田線「綾瀬」駅下車、東口徒歩6分	金曜	1	14:00-23:00	0
item-cnt-234.html	足立 24	1	富士の湯	足立区東和四丁目 15-10	常磐線「亀有」駅下車、徒歩15分/常磐線「亀有」駅よりバス。「東和3丁目」下車、徒歩2分	火曜/祝日は営業	1	14:45-23:30	0
item-cnt-224.html	足立 28	1	江北湯	足立区江北二丁目 27-6	東武伊勢崎線「西新井」駅よりバス。「荒川土手操車場」下車、徒歩3分	金曜	1	15:00-23:00	0
item-cnt-213.html	足立 30	1	湯処じんのび	足立区西新井六丁目 43-4	東武大師線「大師前」駅下車、徒歩8分/日暮里・舎人ライナー「西新井大師西」駅下車、徒歩8分	月曜	1	14:00-24:00/日曜は12時から営業	0
item-cnt-214.html	足立 34	1	おきもと湯	足立区西新井本町四丁目 29-24	東武伊勢崎線「西新井」駅よりバス。「阿弥陀橋」下車、徒歩5分	月曜	0	16:00-23:00	0
item-cnt-220.html	足立 37	1	星谷浴泉	足立区扇一丁目 34-3	東京メトロ日比谷線「北千住」駅よりバス。「本木小学校」下車、徒歩5分/都営日暮里・舎人ライナー「扇大橋」駅下車、徒歩８分	月曜	0	15:30-23:00	0
item-cnt-221.html	足立 38	1	大六天湯	足立区本木南町 11-14	東武大師線「大師前」駅よりバス。「本木新道」下車、徒歩5分	金曜	0	15:55-21:30	0
item-cnt-215.html	足立 39	1	松の湯	足立区本木二丁目 26-9	東京メトロ日比谷線「北千住」駅よりバス。「本木２丁目」下車、徒歩5分	金曜	0	15:45-22:00	0
item-cnt-216.html	足立 41	1	竹の湯	足立区関原一丁目 9-13	東武伊勢崎線「西新井」駅下車、徒歩20分	火曜	1	14:50-23:30	0
item-cnt-209.html	足立 42	1	明美湯	足立区梅田四丁目 40-21	東武伊勢崎線「梅島」駅より徒歩13分/千代田線「町屋」駅よりバス。「梅島第二小通り」下車、徒歩1分/JR「鶯谷」駅よりバス。「梅島第二小通り」下車、徒歩1分	木曜/ただし第5木曜は営業	1	14:00-23:00	0
item-cnt-235.html	足立 43	1	松乃湯	足立区保木間五丁目 5-10	東武伊勢崎線「竹ノ塚」駅よりバス。「北保木間」下車、徒歩3分	水曜/祝日の場合は翌日休	0	15:30-22:00	0
item-cnt-212.html	足立 47	1	永泉湯	足立区西新井三丁目 10-2	東武伊勢崎線「竹ノ塚」駅下車、徒歩15分	火曜	0	16:00-23:00	0
item-cnt-236.html	足立 48	1	高砂湯	足立区六月一丁目 37-14	東武伊勢崎線「竹ノ塚」駅下車、徒歩15分	月曜	0	16:00-22:00	1
item-cnt-211.html	足立 49	1	大和湯	足立区島根二丁目 19-7	東武伊勢崎線「西新井」駅より徒歩15分	木曜	0	15:45-22:00	0
item-cnt-219.html	足立 51	0	岡田湯	足立区関原三丁目 43-2	東武伊勢崎線「西新井」駅下車、徒歩10分/「北千住」駅もしくは「西新井」駅よりバス、「関原３丁目」下車	月曜	0	14:00-23:45	0
item-cnt-218.html	足立 52	1	堀田湯	足立区関原三丁目 20-14	東武伊勢崎線「西新井」駅下車、徒歩5分	金曜/祝日は営業	1	15:00-24:00	0
item-cnt-210.html	足立 54	1	若松湯	足立区中央本町二丁目 19-11	東武伊勢崎線「五反野」駅下車、徒歩6分	金曜	1	15:00-24:00	0
item-cnt-230.html	足立 56	1	四ツ家浴場	足立区青井三丁目 37-12	東武伊勢崎線「五反野」駅よりバス。「都営住宅前」下車、徒歩5分	火曜/祝日は翌日休	1	16:00-22:00	0
item-cnt-231.html	足立 57	1	大平湯	足立区青井六丁目 21-3	東武伊勢崎線「五反野」駅よりバス。「青井６丁目」下車、徒歩3分/つくばエクスプレス「青井」駅より徒歩9分	月曜/祝日は翌日休	1	14:00-24:00/日曜は8時-12時に朝湯を実施	0
item-cnt-232.html	足立 58	1	一の湯	足立区神明一丁目 1-3	東京メトロ千代田線「綾瀬」駅よりバス。「神明町」下車、徒歩1分	8, 18, 28日/祝日は営業、日曜は翌日休	1	15:00-22:00	0
item-cnt-271.html	葛飾 1	1	草津湯	葛飾区小菅一丁目 17-3	東武伊勢崎線「小菅」駅下車、徒歩10分	日曜、月曜	1	16:30-17:30	0
item-cnt-272.html	葛飾 3	1	久の湯	葛飾区小菅三丁目 11-17	東京メトロ千代田線「綾瀬」駅下車、徒歩10分	月、木曜	1	15:30-23:00	0
item-cnt-268.html	葛飾 5	1	吉の湯	葛飾区堀切六丁目 33-5	東京メトロ千代田線「綾瀬」駅よりバス。「堀切６丁目」下車、徒歩1分	火曜	1	14:00-22:00	0
item-cnt-267.html	葛飾 6	1	寿湯	葛飾区堀切六丁目 8-6	京成線「堀切菖蒲園」駅下車、徒歩10分	水曜	0	14:30-22:30	0
item-cnt-266.html	葛飾 8	1	富士の湯	葛飾区堀切四丁目 58-26	京成線「堀切菖蒲園」駅下車、徒歩5分	金曜	0	15:30-22:30	0
item-cnt-262.html	葛飾 11	0	日の出湯	葛飾区堀切一丁目 15-7	京成線「堀切菖蒲園」駅下車、徒歩9分	金曜	0	15:30-21:30	0
item-cnt-270.html	葛飾 13	1	さつき湯	葛飾区東堀切三丁目 27-9	京成線「お花茶屋」駅下車、徒歩10分	月曜	1	15:15-23:00	0
item-cnt-269.html	葛飾 14	1	美吉湯	葛飾区東堀切二丁目 22-13	京成線「お花茶屋」駅下車、徒歩5分	火曜	0	15:30-22:00	0
item-cnt-273.html	葛飾 15	1	第四富士の湯	葛飾区宝町二丁目 11-8	京成線「お花茶屋」駅下車、徒歩7分	金曜	1	15:30-22:00	0
item-cnt-247.html	葛飾 17	1	末広湯	葛飾区宝町一丁目 2-30	京成線「お花茶屋」駅下車、徒歩10分	火曜	0	16:00-23:00	0
item-cnt-237.html	葛飾 20	1	竹の湯	葛飾区四つ木一丁目 16-10	京成押上線「四ツ木」駅下車、徒歩3分	水曜	1	15:30-24:00	0
item-cnt-242.html	葛飾 21	1	富の湯	葛飾区立石二丁目 19-6	京成押上線「京成立石」駅下車、徒歩10分	月曜	0	14:30-22:30	0
item-cnt-245.html	葛飾 23	1	アクアドルフィンランド	葛飾区立石七丁目 16-3	京成押上線「京成立石」駅下車、徒歩4分	木曜/祝日は営業	1	15:00-24:00	1
item-cnt-244.html	葛飾 24	1	成弘湯	葛飾区立石六丁目 32-19	京成線「青砥」駅下車、徒歩7分	金曜	1	15:00-23:30	1
item-cnt-261.html	葛飾 26	1	日の出湯	葛飾区西亀有四丁目 16-14	常磐線「亀有」駅下車、徒歩8分	水曜	1	15:50-男湯22:30、女湯22:00/サウナは20:00まで	0
item-cnt-260.html	葛飾 28	1	第一日立湯	葛飾区亀有五丁目 48-12	常磐線「亀有」駅下車、徒歩5分	月曜/祝日は営業	0	16:00-22:15	0
item-cnt-259.html	葛飾 29	1	ゆートピア２１	葛飾区亀有三丁目 30-12	常磐線「亀有」駅下車、南口より徒歩2分	土曜	1	16:00-24:30	0
item-cnt-258.html	葛飾 30	1	富士の湯	葛飾区亀有二丁目 5-7	常磐線「亀有」駅下車、徒歩12分	木曜	1	15:30-23:00	0
item-cnt-256.html	葛飾 32	1	金町湯	葛飾区金町五丁目 14-9	常磐線「金町」駅下車、南口より徒歩7分	木曜、第4金曜	0	15:30-22:30	0
item-cnt-257.html	葛飾 36	1	栄湯	葛飾区高砂八丁目 15-12	京成線「京成高砂」駅下車、徒歩8分	月曜、第 2, 4 火曜	1	16:00-22:00	0
item-cnt-251.html	葛飾 38	1	興和浴場	葛飾区鎌倉四丁目 17-14	北総・公団線「新柴又」駅下車、徒歩3分	木曜	0	15:20-23:30	0
item-cnt-241.html	葛飾 39	1	寿湯	葛飾区東四つ木四丁目 19-14	京成押上線「四ツ木」駅下車、徒歩5分	金曜	1	15:10-24:00	1
item-cnt-240.html	葛飾 40	1	アクアガーデン栄湯	葛飾区東四つ木三丁目 45-7	京成押上線「四ツ木」駅下車、徒歩8分	月曜、火曜	1	16:00-22:00	1
item-cnt-246.html	葛飾 43	1	喜久の湯	葛飾区東立石二丁目 21-16	京成押上線「京成立石」駅下車、徒歩8分	金曜	1	15:00-22:30	1
item-cnt-255.html	葛飾 45	0	大黒湯	葛飾区西新小岩四丁目 14-5	総武線「新小岩」駅下車、徒歩10分	月曜	1	16:00-22:00	0
item-cnt-253.html	葛飾 46	1	湯パーク松島	葛飾区新小岩三丁目 8-14	総武線「新小岩」駅下車、徒歩8分	木曜	1	15:30-23:45	0
item-cnt-254.html	葛飾 50	1	千代の湯	葛飾区東新小岩五丁目 17-6	総武線「新小岩」駅下車、徒歩8分	月曜/祝日の場合は翌日休	1	15:10-22:00	0
item-cnt-280.html	江戸川 1	1	金泉湯	江戸川区平井七丁目 17-36	総武線「平井」駅下車、徒歩13分	月曜/祝日は翌日休み	1	15:00-22:30	0
item-cnt-279.html	江戸川 3	1	中の湯	江戸川区平井六丁目 42-11	総武線「平井」駅下車、徒歩7分	金曜	1	15:00-24:00	0
item-cnt-278.html	江戸川 4	1	吉野湯	江戸川区平井四丁目 23-2	総武線「平井」駅下車、徒歩5分	月曜	1	15:00-24:00/24時までに退出してください	1
item-cnt-277.html	江戸川 5	1	千代の湯	江戸川区平井四丁目 19-7	総武線「平井」駅下車、徒歩8分	土曜	1	15:00-25:00	0
item-cnt-276.html	江戸川 6	1	旭湯	江戸川区平井二丁目 18-12	総武線「平井」駅下車、徒歩7分	金曜	0	15:00-24:00	0
item-cnt-275.html	江戸川 7	1	辰巳湯	江戸川区平井一丁目 14-1	総武線「平井」駅よりバス。「小松川三丁目」下車、徒歩3分	水曜	1	15:00-23:30	0
item-cnt-295.html	江戸川 9	1	一心湯	江戸川区松島四丁目 9-8	総武線「新小岩」駅下車、徒歩4分	月曜	1	15:30-22:30	0
item-cnt-294.html	江戸川 10	1	旭湯	江戸川区松島四丁目 28-11	総武線「新小岩」駅下車、徒歩7分	水曜	0	15:30-23:00	0
item-cnt-298.html	江戸川 14	1	菅原湯	江戸川区中央四丁目 19-24	総武線「新小岩」駅下車、徒歩20分	月曜	0	15:30-22:00	0
item-cnt-300.html	江戸川 15	1	あづま浴泉	江戸川区中央二丁目 34-2	総武線「新小岩」駅よりバス。「ＮＴＴ江戸川」下車、徒歩3分	水曜	0	14:00-21:00	0
item-cnt-297.html	江戸川 16	1	仁岸湯	江戸川区中央二丁目 7-2	総武線「新小岩」駅よりバス。「江戸川区役所前」下車、徒歩5分	火曜	1	14:30-23:00	1
item-cnt-291.html	江戸川 18	1	小松湯	江戸川区西小松川町 27-15	総武線「新小岩」駅よりバス。「東小松川一丁目」下車、徒歩5分	水曜	1	15:00-21:00	0
item-cnt-296.html	江戸川 23	1	日の出湯	江戸川区松江七丁目 11-18	総武線「新小岩」駅、または都営新宿線「一之江」駅よりバス。「西一之江４丁目」下車、徒歩1分	月曜	0	15:15-21:30	0
item-cnt-316.html	江戸川 25	1	鶴の湯	江戸川区北小岩七丁目 4-16	京成線「京成小岩」駅下車、徒歩5分	水曜	1	15:00-23:45	0
item-cnt-315.html	江戸川 26	1	地蔵湯	江戸川区北小岩二丁目 12-11	京成線「京成小岩」駅下車、徒歩1分	土曜	1	15:30-22:30	0
item-cnt-314.html	江戸川 28	1	吉野湯	江戸川区西小岩三丁目 36-20	総武線「小岩」駅下車、徒歩7分	土曜	1	15:00-23:30	0
item-cnt-313.html	江戸川 30	1	武蔵湯	江戸川区西小岩一丁目 6-16	総武線「小岩」駅下車、徒歩5分	月曜/祝日は翌日休	1	14:00-24:00	0
item-cnt-306.html	江戸川 31	1	大黒湯	江戸川区南小岩六丁目 29-15	総武線「小岩」駅下車、徒歩6分	日曜	1	16:30-24:00	0
item-cnt-305.html	江戸川 33	1	照の湯	江戸川区南小岩六丁目 26-19	総武線「小岩」駅下車、徒歩8分	第 2, 4 土曜	1	15:00-24:00	0
item-cnt-304.html	江戸川 35	1	島田浴場	江戸川区南小岩四丁目 6-5	総武線「小岩」駅下車、徒歩20分	土曜	1	15:00-23:00	0
item-cnt-303.html	江戸川 36	1	友の湯	江戸川区東小岩五丁目 1-3	総武線「小岩」駅下車、徒歩10分	火曜/祝日は営業	1	13:30-25:00	0
item-cnt-302.html	江戸川 37	1	亀の湯	江戸川区東小岩四丁目 33-16	総武線「小岩」駅下車、徒歩11分	木曜、第 1, 3 水曜	1	15:00-22:30	0
item-cnt-301.html	江戸川 38	1	みどり湯	江戸川区東小岩一丁目 17-18	総武線「小岩」駅よりバス。「東小岩１丁目」下車、徒歩3分	月曜/祝日は営業	1	15:00-23:00	0
item-cnt-309.html	江戸川 42	1	イーストランド	江戸川区西篠崎二丁目 23-1	都営新宿線「篠崎」駅下車、徒歩15分	月曜/祝日の場合は翌日休	1	14:30-23:00	0
item-cnt-311.html	江戸川 43	1	庄楽の湯	江戸川区上篠崎二丁目 12-16	都営新宿線「篠崎」駅下車、徒歩8分	木曜、第 3 水曜	0	14:30-22:30	0
item-cnt-290.html	江戸川 45	1	竹の湯	江戸川区篠崎町四丁目 21-15	都営新宿線「篠崎」駅下車、徒歩15分	月曜/振替休日は営業	0	16:00-23:00	0
item-cnt-289.html	江戸川 51	1	第二寿湯	江戸川区江戸川一丁目 46-12	都営新宿線「瑞江」駅下車、徒歩15分	木曜、金曜	0	16:00-23:00	0
item-cnt-281.html	江戸川 54	1	鶴の湯	江戸川区船堀二丁目 11-16	都営新宿線「船堀」駅下車、徒歩5分	水曜	1	15:30-24:00	1
item-cnt-282.html	江戸川 55	1	あけぼの湯	江戸川区船堀三丁目 12-11	都営新宿線「船堀」駅下車、徒歩5分	木曜、第 3 金曜	1	15:30-23:50/日・祝日は14:00-24:00	1
item-cnt-283.html	江戸川 56	1	乙女湯	江戸川区船堀七丁目 3-13	都営新宿線「船堀」駅下車、徒歩7分	月曜/祝日は翌日休	1	15:00-24:00/日・祝日は14:30-23:30	0
item-cnt-284.html	江戸川 57	1	宝来湯	江戸川区江戸川六丁目 12-16	東京メトロ東西線「葛西」駅よりバス。「古川親水公園」下車、徒歩1分	日曜	0	15:30-22:00	0
item-cnt-286.html	江戸川 58	1	小島湯	江戸川区西葛西一丁目 7-3	東京メトロ東西線「西葛西」駅よりバス。「小島」下車、徒歩1分	不定休	1	15:30-22:00	0
item-cnt-285.html	江戸川 60	1	仲の湯	江戸川区東葛西七丁目 3-5	東京メトロ東西線「葛西」駅下車、徒歩5分	木曜	0	15:20-22:00	0
